origen,destino,dia,hora,hora_pico,lluvia,pasajeros,tiempo_base,tiempo_real
CAD,Paloquemao,Sábado,13,0,0,139,5,5.29
Calle 100,Héroes,Sábado,22,0,0,145,5,5.97
Banderas,Pradera,Lunes,11,0,0,110,6,6.24
Paloquemao,Ricaurte,Martes,22,0,0,183,3,3.58
Banderas,Portal Américas,Domingo,5,0,1,101,5,5.97
Héroes,Calle 72,Miércoles,13,0,0,101,3,2.97
De La Sabana,Av. Jiménez,Jueves,8,1,0,309,3,3.75
De La Sabana,Ricaurte,Domingo,6,0,0,51,4,3.88
Av. Rojas,CAD,Jueves,7,1,0,259,6,9.0
Paloquemao,CAD,Domingo,16,0,0,83,5,4.64
Pepe Sierra,Calle 146,Martes,14,0,1,178,4,4.67
Calle 45,Calle 26,Jueves,13,0,0,122,4,3.67
Ricaurte,De La Sabana,Miércoles,11,0,0,98,4,4.24
CAD,Paloquemao,Sábado,10,0,0,73,5,5.33
Calle 26,Calle 45,Jueves,13,0,1,95,4,4.47
Paloquemao,CAD,Martes,15,0,1,95,5,6.48
Calle 146,Toberín,Lunes,15,0,0,119,3,2.76
Pepe Sierra,Calle 146,Viernes,15,0,0,152,4,3.82
Centro Memoria,Calle 26,Sábado,19,0,0,128,3,2.41
Héroes,Calle 100,Viernes,22,0,0,66,5,5.24
Portal El Dorado,Av. Rojas,Viernes,17,1,0,329,5,7.64
Calle 100,Héroes,Lunes,6,1,1,295,5,7.87
Calle 100,Héroes,Domingo,18,0,0,60,5,4.86
Pradera,Ricaurte,Jueves,21,0,0,101,5,5.68
CAD,Av. Rojas,Lunes,8,1,0,313,6,8.33
CAD,Av. Rojas,Domingo,15,0,0,132,6,6.24
Banderas,Pradera,Lunes,13,0,1,92,6,7.12
Héroes,Calle 72,Lunes,14,0,1,161,3,3.91
Centro Memoria,CAD,Martes,16,0,1,86,4,4.45
CAD,Av. Rojas,Viernes,5,0,0,133,6,6.79
Centro Memoria,Calle 26,Miércoles,14,0,0,100,3,3.08
Calle 45,Calle 26,Lunes,7,1,0,255,4,5.43
Calle 146,Pepe Sierra,Viernes,9,1,0,332,4,6.61
Calle 26,Centro Memoria,Martes,13,0,0,117,3,3.58
Paloquemao,Ricaurte,Martes,22,0,1,134,3,3.24
Calle 72,Calle 45,Jueves,16,0,0,134,5,5.95
CAD,Centro Memoria,Martes,12,0,0,118,4,4.86
Portal Norte,Toberín,Martes,12,0,0,15,4,4.36
CAD,Paloquemao,Lunes,6,1,1,303,5,7.89
Calle 146,Pepe Sierra,Miércoles,20,0,0,123,4,3.45
Calle 100,Héroes,Viernes,20,0,0,111,5,5.42
Calle 26,Centro Memoria,Martes,8,1,0,359,3,4.38
Banderas,Pradera,Jueves,19,1,1,267,6,9.3
Toberín,Calle 146,Sábado,8,0,0,156,3,3.37
Av. Jiménez,De La Sabana,Lunes,12,0,0,98,3,3.35
Av. Rojas,CAD,Jueves,10,0,0,123,6,6.76
Calle 45,Calle 26,Lunes,19,1,1,271,4,6.21
Av. Rojas,CAD,Sábado,22,0,1,104,6,6.33
Calle 146,Pepe Sierra,Domingo,12,0,0,131,4,4.37
Centro Memoria,Calle 26,Domingo,17,0,1,120,3,3.39
Calle 72,Héroes,Jueves,13,0,1,63,3,3.23
Portal Américas,Banderas,Sábado,22,0,0,106,5,4.94
Centro Memoria,Calle 26,Miércoles,11,0,1,113,3,3.63
Av. Rojas,Portal El Dorado,Lunes,15,0,0,195,5,5.56
Portal El Dorado,Av. Rojas,Domingo,21,0,0,130,5,5.3
CAD,Centro Memoria,Martes,7,1,0,223,4,5.84
Calle 26,Calle 45,Viernes,12,0,0,122,4,5.23
Toberín,Calle 146,Jueves,21,0,0,112,3,3.29
Av. Jiménez,Calle 26,Sábado,15,0,0,118,4,3.77
Pradera,Ricaurte,Sábado,14,0,0,165,5,5.71
Pepe Sierra,Calle 146,Viernes,8,1,0,331,4,5.7
Calle 72,Calle 45,Martes,16,0,1,176,5,5.38
Calle 26,Calle 45,Martes,19,1,1,323,4,7.32
Av. Jiménez,Tercer Milenio,Domingo,21,0,0,80,3,2.89
Av. Rojas,CAD,Sábado,8,0,1,123,6,6.77
Héroes,Calle 100,Lunes,22,0,0,57,5,5.17
Av. Jiménez,Tercer Milenio,Sábado,15,0,0,77,3,3.3
Paloquemao,CAD,Viernes,20,0,0,83,5,5.83
Calle 146,Toberín,Jueves,13,0,0,88,3,3.0
Av. Jiménez,De La Sabana,Sábado,13,0,0,152,3,2.74
Banderas,Portal Américas,Jueves,22,0,0,129,5,5.85
Calle 146,Pepe Sierra,Sábado,9,0,0,55,4,4.18
De La Sabana,Ricaurte,Martes,18,1,0,310,4,6.33
Tercer Milenio,Av. Jiménez,Domingo,6,0,1,70,3,2.88
Calle 72,Calle 45,Sábado,8,0,0,140,5,5.47
CAD,Av. Rojas,Jueves,9,1,1,310,6,9.77
Calle 45,Calle 26,Domingo,10,0,1,92,4,4.68
Toberín,Portal Norte,Miércoles,18,1,1,311,4,6.14
Calle 26,Calle 45,Domingo,8,0,0,194,4,4.58
Toberín,Calle 146,Martes,11,0,1,72,3,3.67
Portal Américas,Banderas,Domingo,12,0,0,81,5,5.52
Calle 45,Calle 72,Miércoles,7,1,1,346,5,7.79
Av. Jiménez,Calle 26,Viernes,17,1,0,338,4,6.24
Av. Rojas,CAD,Lunes,8,1,1,332,6,10.45
Av. Jiménez,Calle 26,Miércoles,6,1,0,290,4,5.68
Banderas,Pradera,Domingo,15,0,0,84,6,5.93
CAD,Centro Memoria,Viernes,11,0,0,116,4,4.37
Banderas,Pradera,Domingo,22,0,0,131,6,6.72
Calle 45,Calle 72,Lunes,15,0,0,120,5,5.88
Pepe Sierra,Calle 100,Miércoles,21,0,0,109,3,4.25
Banderas,Pradera,Sábado,14,0,0,145,6,6.09
Calle 45,Calle 72,Jueves,10,0,0,77,5,5.39
Tercer Milenio,Av. Jiménez,Domingo,5,0,0,111,3,3.45
Calle 45,Calle 72,Viernes,15,0,0,138,5,5.32
Banderas,Portal Américas,Viernes,20,0,1,86,5,5.11
Héroes,Calle 72,Miércoles,21,0,0,102,3,3.5
Paloquemao,Ricaurte,Domingo,12,0,0,128,3,2.69
Calle 45,Calle 26,Martes,5,0,0,126,4,4.41
Calle 26,Centro Memoria,Domingo,7,0,0,84,3,3.19
Paloquemao,CAD,Sábado,17,0,0,122,5,4.85
Calle 26,Calle 45,Sábado,5,0,1,134,4,4.89
Pepe Sierra,Calle 100,Martes,10,0,1,163,3,3.97
CAD,Centro Memoria,Viernes,12,0,1,64,4,4.15
Calle 100,Pepe Sierra,Domingo,19,0,0,140,3,3.42
CAD,Av. Rojas,Domingo,19,0,0,140,6,7.96
CAD,Centro Memoria,Viernes,19,1,1,322,4,6.9
Centro Memoria,Calle 26,Domingo,12,0,1,158,3,3.8
Calle 26,Av. Jiménez,Viernes,20,0,0,107,4,4.52
Av. Jiménez,Calle 26,Sábado,14,0,0,89,4,4.08
De La Sabana,Av. Jiménez,Viernes,7,1,0,280,3,4.5
Calle 26,Calle 45,Martes,11,0,0,212,4,3.68
Banderas,Pradera,Jueves,18,1,0,327,6,8.44
Banderas,Pradera,Domingo,5,0,1,101,6,7.34
Portal El Dorado,Av. Rojas,Lunes,16,0,0,122,5,4.87
Ricaurte,Pradera,Domingo,18,0,0,91,5,5.5
CAD,Av. Rojas,Martes,20,0,0,90,6,6.36
Banderas,Pradera,Jueves,15,0,0,121,6,6.1
Ricaurte,Pradera,Domingo,19,0,1,205,5,6.27
Ricaurte,Paloquemao,Jueves,5,0,0,38,3,3.13
Banderas,Pradera,Jueves,10,0,0,93,6,6.62
Pradera,Ricaurte,Jueves,15,0,0,88,5,5.17
Pradera,Ricaurte,Domingo,18,0,0,140,5,5.7
Pepe Sierra,Calle 146,Sábado,22,0,0,71,4,4.01
Ricaurte,De La Sabana,Lunes,6,1,1,281,4,6.1
Calle 26,Calle 45,Lunes,9,1,0,370,4,6.3
Calle 26,Centro Memoria,Viernes,11,0,0,69,3,3.47
Calle 26,Av. Jiménez,Martes,8,1,1,384,4,6.98
Héroes,Calle 72,Lunes,5,0,1,59,3,3.19
Av. Rojas,Portal El Dorado,Jueves,17,1,1,350,5,7.84
Calle 45,Calle 72,Sábado,12,0,0,137,5,5.65
Av. Jiménez,Tercer Milenio,Viernes,8,1,1,262,3,4.72
Av. Rojas,Portal El Dorado,Miércoles,22,0,0,10,5,4.62
Ricaurte,De La Sabana,Sábado,15,0,0,109,4,3.72
Pradera,Banderas,Lunes,18,1,1,365,6,9.22
Paloquemao,CAD,Jueves,9,1,0,282,5,7.51
Centro Memoria,CAD,Miércoles,22,0,1,177,4,4.18
Portal Américas,Banderas,Sábado,13,0,0,166,5,5.42
Calle 45,Calle 26,Lunes,13,0,1,80,4,4.74
Calle 45,Calle 26,Viernes,17,1,0,307,4,5.77
Calle 26,Centro Memoria,Martes,20,0,0,122,3,3.03
Av. Jiménez,Calle 26,Viernes,13,0,0,124,4,4.51
Centro Memoria,CAD,Lunes,12,0,0,183,4,3.87
Calle 26,Centro Memoria,Martes,20,0,0,205,3,2.53
Centro Memoria,Calle 26,Lunes,7,1,0,293,3,4.72
Ricaurte,Pradera,Miércoles,16,0,0,131,5,5.08
CAD,Centro Memoria,Sábado,22,0,0,111,4,4.02
Portal Américas,Banderas,Miércoles,12,0,0,96,5,5.58
Calle 45,Calle 72,Sábado,22,0,1,134,5,5.56
Calle 72,Héroes,Sábado,20,0,0,155,3,3.36
Av. Rojas,Portal El Dorado,Viernes,14,0,1,152,5,6.13
Calle 45,Calle 72,Miércoles,10,0,0,86,5,4.99
Av. Rojas,CAD,Lunes,6,1,0,329,6,9.33
Calle 100,Héroes,Domingo,20,0,0,119,5,5.34
Portal Norte,Toberín,Jueves,20,0,0,171,4,4.11
Héroes,Calle 72,Miércoles,20,0,0,141,3,3.13
Pepe Sierra,Calle 146,Lunes,6,1,0,291,4,6.42
Av. Rojas,Portal El Dorado,Lunes,12,0,0,153,5,5.71
Pradera,Banderas,Domingo,12,0,1,172,6,7.12
Pradera,Ricaurte,Jueves,14,0,1,147,5,5.74
Banderas,Pradera,Viernes,6,1,0,312,6,8.98
Pepe Sierra,Calle 100,Martes,11,0,0,123,3,3.42
Pepe Sierra,Calle 146,Martes,22,0,0,87,4,5.01
Toberín,Portal Norte,Sábado,20,0,0,79,4,3.67
Calle 26,Calle 45,Miércoles,19,1,0,346,4,6.41
Calle 45,Calle 26,Domingo,11,0,0,144,4,4.54
Av. Rojas,CAD,Martes,13,0,1,119,6,6.6
Pepe Sierra,Calle 146,Domingo,14,0,0,123,4,3.98
Av. Rojas,Portal El Dorado,Jueves,8,1,0,339,5,7.54
Av. Jiménez,Tercer Milenio,Miércoles,21,0,0,86,3,3.0
Portal Américas,Banderas,Lunes,18,1,0,316,5,7.31
Paloquemao,Ricaurte,Lunes,12,0,1,87,3,3.53
Av. Rojas,Portal El Dorado,Lunes,13,0,0,129,5,5.12
Calle 72,Héroes,Sábado,19,0,1,101,3,3.54
Héroes,Calle 72,Jueves,20,0,1,62,3,2.83
Centro Memoria,Calle 26,Miércoles,15,0,0,91,3,3.05
Calle 72,Héroes,Sábado,20,0,0,132,3,3.79
Ricaurte,Pradera,Viernes,6,1,0,334,5,7.52
De La Sabana,Av. Jiménez,Lunes,17,1,1,299,3,4.4
Portal Norte,Toberín,Viernes,19,1,0,299,4,5.88
Calle 72,Calle 45,Viernes,20,0,0,132,5,5.0
Calle 146,Toberín,Viernes,9,1,1,320,3,5.44
Banderas,Portal Américas,Jueves,8,1,0,295,5,7.65
Paloquemao,CAD,Martes,10,0,0,147,5,5.21
Portal Norte,Toberín,Lunes,12,0,1,128,4,4.66
Calle 100,Pepe Sierra,Lunes,9,1,0,303,3,4.2
Av. Jiménez,Tercer Milenio,Miércoles,18,1,1,300,3,5.0
Centro Memoria,Calle 26,Viernes,9,1,0,358,3,4.97
Ricaurte,Paloquemao,Martes,7,1,0,386,3,4.32
Banderas,Pradera,Domingo,21,0,0,154,6,6.54
Toberín,Portal Norte,Miércoles,20,0,1,207,4,4.49
Banderas,Portal Américas,Miércoles,15,0,0,86,5,4.98
Av. Rojas,CAD,Miércoles,11,0,1,35,6,6.49
Calle 45,Calle 26,Martes,18,1,0,269,4,6.0
Calle 26,Centro Memoria,Domingo,17,0,0,133,3,3.95
Paloquemao,CAD,Jueves,6,1,0,338,5,7.36
Portal El Dorado,Av. Rojas,Lunes,19,1,0,264,5,7.61
Portal Américas,Banderas,Martes,18,1,1,247,5,8.6
Héroes,Calle 100,Domingo,13,0,0,167,5,5.23
Ricaurte,Pradera,Domingo,15,0,1,51,5,6.17
Av. Rojas,CAD,Miércoles,20,0,1,115,6,7.44
Toberín,Calle 146,Martes,14,0,1,56,3,3.14
Pepe Sierra,Calle 146,Lunes,8,1,0,300,4,6.02
Av. Jiménez,Tercer Milenio,Lunes,15,0,1,101,3,3.7
Tercer Milenio,Av. Jiménez,Jueves,9,1,0,257,3,4.38
Pradera,Banderas,Domingo,10,0,0,124,6,6.58
Calle 146,Pepe Sierra,Jueves,12,0,0,148,4,3.85
Portal El Dorado,Av. Rojas,Jueves,13,0,0,58,5,5.66
Portal Norte,Toberín,Jueves,14,0,0,133,4,3.97
Calle 72,Héroes,Miércoles,14,0,0,182,3,3.32
Pradera,Banderas,Jueves,14,0,0,167,6,6.53
Ricaurte,Pradera,Lunes,12,0,0,202,5,6.21
De La Sabana,Ricaurte,Sábado,14,0,0,110,4,4.61
Pradera,Ricaurte,Viernes,6,1,1,325,5,8.61
Calle 26,Centro Memoria,Miércoles,12,0,0,81,3,3.4
Ricaurte,De La Sabana,Martes,13,0,0,162,4,3.62
Calle 100,Héroes,Sábado,6,0,0,72,5,4.36
Portal Américas,Banderas,Miércoles,9,1,0,289,5,7.76
Tercer Milenio,Av. Jiménez,Jueves,10,0,0,180,3,3.3
CAD,Av. Rojas,Miércoles,21,0,0,185,6,6.0
Calle 26,Av. Jiménez,Miércoles,20,0,1,51,4,4.48
Av. Jiménez,Tercer Milenio,Miércoles,8,1,0,315,3,4.51
Pepe Sierra,Calle 146,Martes,17,1,1,217,4,6.2
Av. Rojas,CAD,Domingo,17,0,0,67,6,6.47
Av. Rojas,CAD,Miércoles,13,0,0,134,6,6.03
Paloquemao,CAD,Lunes,12,0,0,99,5,4.82
Ricaurte,Paloquemao,Viernes,15,0,1,117,3,3.86
Calle 45,Calle 26,Sábado,19,0,1,80,4,4.76
Av. Jiménez,Tercer Milenio,Lunes,9,1,0,278,3,4.15
Calle 146,Toberín,Jueves,8,1,0,295,3,4.08
Av. Rojas,CAD,Jueves,16,0,0,97,6,5.81
Av. Rojas,CAD,Sábado,9,0,1,198,6,7.21
CAD,Paloquemao,Jueves,18,1,1,272,5,8.02
Av. Jiménez,Calle 26,Miércoles,11,0,0,115,4,4.14
Calle 45,Calle 26,Lunes,16,0,0,144,4,4.59
CAD,Paloquemao,Jueves,13,0,0,98,5,5.01
Pepe Sierra,Calle 100,Domingo,19,0,0,108,3,2.24
Calle 72,Calle 45,Viernes,5,0,0,59,5,5.69
De La Sabana,Av. Jiménez,Martes,11,0,0,185,3,3.18
Av. Rojas,CAD,Martes,12,0,0,143,6,6.55
Calle 100,Héroes,Viernes,5,0,0,243,5,6.06
Calle 100,Héroes,Viernes,13,0,1,114,5,5.4
Pepe Sierra,Calle 100,Lunes,9,1,0,235,3,4.48
Calle 45,Calle 26,Lunes,10,0,0,89,4,3.61
Calle 100,Héroes,Viernes,8,1,0,274,5,7.0
Centro Memoria,Calle 26,Miércoles,21,0,0,187,3,3.63
Banderas,Portal Américas,Viernes,6,1,0,299,5,8.09
CAD,Centro Memoria,Sábado,5,0,0,123,4,3.9
Calle 26,Centro Memoria,Jueves,8,1,0,360,3,4.81
Portal Américas,Banderas,Lunes,15,0,0,78,5,5.12
Pepe Sierra,Calle 146,Viernes,22,0,0,84,4,3.61
Ricaurte,Pradera,Viernes,14,0,0,157,5,6.16
Paloquemao,Ricaurte,Domingo,8,0,1,64,3,3.62
Paloquemao,CAD,Viernes,11,0,0,93,5,5.04
Calle 26,Calle 45,Domingo,19,0,0,96,4,3.85
Calle 100,Pepe Sierra,Miércoles,13,0,0,121,3,2.85
Calle 100,Héroes,Jueves,7,1,0,310,5,7.5
Pepe Sierra,Calle 146,Lunes,16,0,1,110,4,4.26
Av. Rojas,CAD,Viernes,22,0,0,96,6,6.59
Calle 100,Pepe Sierra,Domingo,18,0,1,140,3,3.12
Toberín,Calle 146,Viernes,14,0,0,123,3,3.49
Av. Rojas,Portal El Dorado,Martes,20,0,0,53,5,5.35
Calle 100,Pepe Sierra,Viernes,16,0,0,93,3,3.37
Calle 26,Av. Jiménez,Domingo,18,0,1,89,4,3.86
Ricaurte,Paloquemao,Sábado,22,0,0,54,3,3.1
Av. Jiménez,Calle 26,Miércoles,14,0,1,130,4,4.3
Ricaurte,De La Sabana,Domingo,9,0,0,145,4,3.63
Pradera,Ricaurte,Sábado,5,0,0,117,5,4.81
CAD,Centro Memoria,Jueves,19,1,0,273,4,5.96
Ricaurte,De La Sabana,Miércoles,7,1,1,265,4,6.18
Héroes,Calle 100,Viernes,6,1,0,340,5,7.37
Av. Jiménez,Calle 26,Jueves,20,0,0,153,4,3.85
Banderas,Pradera,Domingo,21,0,0,141,6,7.0
Banderas,Pradera,Sábado,20,0,0,21,6,5.74
Tercer Milenio,Av. Jiménez,Jueves,6,1,0,323,3,4.45
Av. Jiménez,Tercer Milenio,Domingo,9,0,1,134,3,3.26
Tercer Milenio,Av. Jiménez,Lunes,20,0,0,123,3,3.12
Calle 72,Héroes,Viernes,12,0,0,166,3,3.35
Ricaurte,De La Sabana,Domingo,6,0,0,133,4,4.1
Banderas,Portal Américas,Domingo,15,0,0,100,5,5.08
Portal El Dorado,Av. Rojas,Sábado,18,0,0,135,5,5.17
Pradera,Ricaurte,Miércoles,10,0,1,131,5,6.66
Paloquemao,Ricaurte,Sábado,16,0,0,154,3,3.1
Calle 100,Pepe Sierra,Viernes,17,1,0,348,3,4.41
Ricaurte,Pradera,Sábado,15,0,0,38,5,4.69
Calle 72,Héroes,Sábado,8,0,0,45,3,2.93
Calle 72,Calle 45,Miércoles,16,0,0,120,5,5.97
Paloquemao,CAD,Martes,8,1,0,313,5,7.44
Calle 45,Calle 72,Martes,7,1,0,333,5,6.7
CAD,Paloquemao,Domingo,19,0,0,129,5,5.63
Av. Rojas,Portal El Dorado,Viernes,15,0,1,60,5,6.11
CAD,Paloquemao,Jueves,7,1,0,313,5,7.37
CAD,Paloquemao,Miércoles,6,1,0,325,5,8.47
Pepe Sierra,Calle 146,Jueves,6,1,0,307,4,6.11
Tercer Milenio,Av. Jiménez,Domingo,7,0,0,101,3,2.81
CAD,Centro Memoria,Viernes,22,0,1,153,4,4.36
Calle 146,Toberín,Domingo,11,0,0,122,3,2.99
Calle 26,Centro Memoria,Lunes,19,1,0,319,3,4.66
Av. Jiménez,De La Sabana,Lunes,21,0,0,161,3,3.04
Calle 146,Toberín,Jueves,19,1,0,289,3,4.09
Paloquemao,Ricaurte,Miércoles,14,0,0,102,3,3.3
Av. Jiménez,De La Sabana,Lunes,15,0,0,150,3,2.86
Pepe Sierra,Calle 100,Jueves,14,0,0,154,3,3.77
Ricaurte,Paloquemao,Miércoles,7,1,0,316,3,5.27
Calle 100,Héroes,Miércoles,17,1,0,269,5,6.92
Pepe Sierra,Calle 146,Jueves,15,0,1,48,4,5.09
CAD,Centro Memoria,Sábado,18,0,0,146,4,4.27
Toberín,Portal Norte,Martes,11,0,0,131,4,3.81
Centro Memoria,Calle 26,Martes,9,1,0,397,3,4.7
Pepe Sierra,Calle 100,Viernes,21,0,0,124,3,3.48
Av. Jiménez,De La Sabana,Viernes,9,1,0,319,3,4.62
Héroes,Calle 100,Domingo,10,0,0,88,5,5.41
Calle 146,Toberín,Sábado,12,0,1,195,3,4.13
Paloquemao,Ricaurte,Sábado,19,0,0,183,3,3.07
Calle 26,Calle 45,Domingo,20,0,1,80,4,4.51
Calle 45,Calle 72,Viernes,19,1,0,302,5,7.94
Av. Jiménez,Tercer Milenio,Viernes,21,0,0,52,3,3.69
Héroes,Calle 72,Domingo,9,0,1,113,3,3.3
Toberín,Calle 146,Domingo,16,0,0,79,3,2.46
Pepe Sierra,Calle 100,Viernes,8,1,0,332,3,4.58
Calle 72,Héroes,Viernes,9,1,1,248,3,4.2
Calle 146,Pepe Sierra,Martes,19,1,1,286,4,7.04
Toberín,Portal Norte,Jueves,21,0,0,109,4,3.62
Ricaurte,Pradera,Miércoles,12,0,0,110,5,5.17
Pepe Sierra,Calle 100,Sábado,15,0,1,12,3,3.3
Héroes,Calle 100,Domingo,20,0,0,110,5,5.55
Calle 100,Héroes,Jueves,19,1,0,373,5,8.13
Pepe Sierra,Calle 146,Martes,9,1,0,289,4,5.54
Ricaurte,Paloquemao,Lunes,14,0,0,222,3,3.36
Calle 100,Pepe Sierra,Jueves,19,1,0,300,3,4.49
Calle 26,Centro Memoria,Lunes,21,0,0,127,3,3.13
Héroes,Calle 100,Lunes,16,0,0,97,5,5.02
Banderas,Pradera,Sábado,7,0,0,118,6,6.14
Ricaurte,De La Sabana,Viernes,22,0,0,91,4,4.22
Centro Memoria,CAD,Jueves,20,0,0,109,4,4.82
Ricaurte,Pradera,Miércoles,5,0,0,13,5,5.47
Pepe Sierra,Calle 146,Sábado,8,0,1,169,4,3.91
De La Sabana,Av. Jiménez,Miércoles,22,0,0,106,3,3.01
CAD,Paloquemao,Domingo,19,0,1,63,5,5.35
Calle 26,Centro Memoria,Domingo,9,0,0,75,3,3.81
Portal Américas,Banderas,Martes,6,1,1,337,5,8.6
Calle 146,Toberín,Miércoles,21,0,0,148,3,2.77
Av. Rojas,CAD,Lunes,11,0,0,99,6,6.49
Toberín,Calle 146,Miércoles,13,0,0,71,3,3.39
Ricaurte,De La Sabana,Jueves,19,1,1,290,4,6.23
Pradera,Ricaurte,Martes,20,0,0,148,5,5.55
De La Sabana,Ricaurte,Viernes,13,0,1,105,4,5.07
Banderas,Pradera,Viernes,10,0,0,76,6,6.47
De La Sabana,Av. Jiménez,Miércoles,14,0,0,143,3,3.09
Ricaurte,Paloquemao,Martes,19,1,0,313,3,4.02
Toberín,Calle 146,Miércoles,18,1,0,336,3,4.48
Calle 146,Toberín,Sábado,17,0,0,99,3,3.57
Héroes,Calle 72,Martes,19,1,0,271,3,3.89
Pepe Sierra,Calle 146,Sábado,16,0,0,57,4,4.36
Portal El Dorado,Av. Rojas,Martes,19,1,1,248,5,8.57
Ricaurte,De La Sabana,Lunes,9,1,0,216,4,6.51
Pradera,Ricaurte,Miércoles,12,0,1,128,5,5.78
Portal Norte,Toberín,Jueves,21,0,0,98,4,4.36
Av. Rojas,CAD,Domingo,13,0,0,118,6,6.8
Calle 72,Calle 45,Miércoles,20,0,0,124,5,5.37
Calle 100,Héroes,Jueves,10,0,1,105,5,5.74
Banderas,Portal Américas,Domingo,15,0,0,132,5,4.65
Calle 146,Pepe Sierra,Miércoles,14,0,1,66,4,4.83
CAD,Paloquemao,Miércoles,21,0,0,126,5,5.24
Calle 72,Calle 45,Martes,20,0,0,120,5,5.44
CAD,Av. Rojas,Jueves,22,0,0,98,6,5.98
Pepe Sierra,Calle 146,Jueves,20,0,0,127,4,3.86
Pradera,Banderas,Lunes,9,1,1,316,6,8.97
CAD,Paloquemao,Jueves,21,0,0,161,5,5.59
CAD,Av. Rojas,Martes,9,1,0,310,6,9.42
Toberín,Calle 146,Viernes,9,1,0,366,3,5.0
Calle 72,Héroes,Sábado,12,0,0,46,3,2.56
Centro Memoria,CAD,Domingo,7,0,0,95,4,4.2
Paloquemao,CAD,Miércoles,9,1,0,320,5,7.26
Ricaurte,Paloquemao,Viernes,10,0,0,127,3,2.89
Portal El Dorado,Av. Rojas,Sábado,15,0,1,95,5,5.17
Portal El Dorado,Av. Rojas,Domingo,5,0,0,83,5,4.67
Paloquemao,CAD,Miércoles,11,0,1,80,5,6.12
Pradera,Banderas,Lunes,20,0,1,82,6,7.9
Av. Rojas,CAD,Miércoles,20,0,0,139,6,6.49
Pradera,Ricaurte,Lunes,6,1,0,265,5,7.69
Banderas,Pradera,Martes,15,0,0,96,6,6.34
Av. Jiménez,De La Sabana,Miércoles,16,0,1,222,3,3.59
Calle 100,Héroes,Viernes,22,0,0,165,5,5.13
Calle 26,Calle 45,Miércoles,19,1,0,298,4,6.7
Calle 100,Pepe Sierra,Jueves,18,1,0,274,3,5.19
Héroes,Calle 72,Viernes,15,0,0,148,3,3.0
Calle 72,Héroes,Viernes,19,1,0,325,3,4.93
Tercer Milenio,Av. Jiménez,Lunes,17,1,0,324,3,3.91
Calle 26,Calle 45,Miércoles,6,1,0,270,4,5.84
Calle 26,Centro Memoria,Domingo,20,0,0,117,3,3.42
Portal Norte,Toberín,Jueves,9,1,1,307,4,5.88
De La Sabana,Ricaurte,Miércoles,6,1,0,315,4,6.27
Av. Rojas,Portal El Dorado,Miércoles,22,0,0,142,5,5.79
Ricaurte,Pradera,Domingo,22,0,0,153,5,5.57
Ricaurte,Paloquemao,Lunes,9,1,1,297,3,4.13
Pradera,Ricaurte,Miércoles,22,0,1,137,5,5.93
Héroes,Calle 100,Viernes,17,1,0,310,5,7.01
Calle 146,Toberín,Sábado,15,0,1,76,3,3.84
CAD,Centro Memoria,Viernes,21,0,0,118,4,4.51
Paloquemao,Ricaurte,Jueves,14,0,0,121,3,3.19
Centro Memoria,CAD,Viernes,20,0,0,157,4,4.11
Tercer Milenio,Av. Jiménez,Lunes,16,0,0,123,3,3.0
Pepe Sierra,Calle 100,Viernes,14,0,1,102,3,3.33
CAD,Paloquemao,Jueves,13,0,1,128,5,5.63
Av. Rojas,Portal El Dorado,Sábado,6,0,0,170,5,5.07
Héroes,Calle 72,Sábado,17,0,0,112,3,2.99
Calle 26,Calle 45,Sábado,8,0,0,177,4,4.43
Portal Américas,Banderas,Martes,18,1,0,341,5,7.01
Pradera,Banderas,Viernes,20,0,1,130,6,7.35
Toberín,Calle 146,Viernes,11,0,0,123,3,3.61
Calle 26,Centro Memoria,Miércoles,10,0,0,99,3,3.71
Av. Rojas,CAD,Miércoles,13,0,0,211,6,6.49
Calle 72,Calle 45,Miércoles,22,0,0,102,5,5.84
Av. Jiménez,Tercer Milenio,Sábado,11,0,0,183,3,3.07
Centro Memoria,Calle 26,Miércoles,22,0,1,103,3,3.34
Av. Jiménez,Calle 26,Viernes,22,0,0,66,4,3.76
Ricaurte,Pradera,Domingo,9,0,0,79,5,4.89
Av. Jiménez,Tercer Milenio,Lunes,16,0,1,118,3,3.57
CAD,Paloquemao,Jueves,11,0,0,182,5,5.06
Av. Rojas,CAD,Viernes,13,0,0,159,6,6.39
Ricaurte,Paloquemao,Martes,12,0,0,118,3,3.45
CAD,Centro Memoria,Martes,6,1,0,255,4,6.06
Av. Jiménez,De La Sabana,Lunes,9,1,0,306,3,4.71
CAD,Av. Rojas,Martes,18,1,0,311,6,10.02
Centro Memoria,Calle 26,Martes,14,0,0,94,3,2.93
CAD,Paloquemao,Domingo,7,0,0,95,5,5.02
Calle 45,Calle 26,Sábado,6,0,1,94,4,5.06
Calle 72,Héroes,Domingo,10,0,1,176,3,3.34
Toberín,Calle 146,Jueves,20,0,0,86,3,3.32
Av. Jiménez,Tercer Milenio,Lunes,14,0,0,97,3,3.4
Pepe Sierra,Calle 100,Miércoles,14,0,0,128,3,2.59
Paloquemao,CAD,Jueves,9,1,1,361,5,8.87
Portal Américas,Banderas,Domingo,8,0,0,95,5,5.08
Banderas,Portal Américas,Sábado,10,0,0,131,5,5.46
Av. Jiménez,De La Sabana,Viernes,11,0,0,146,3,4.02
Paloquemao,CAD,Domingo,18,0,0,112,5,4.96
Pepe Sierra,Calle 146,Lunes,10,0,1,64,4,4.24
Centro Memoria,Calle 26,Martes,5,0,0,118,3,3.89
Calle 26,Calle 45,Miércoles,15,0,0,99,4,4.29
Portal El Dorado,Av. Rojas,Sábado,16,0,0,119,5,5.77
Toberín,Calle 146,Jueves,14,0,0,221,3,3.12
Centro Memoria,CAD,Sábado,14,0,0,100,4,4.62
Paloquemao,CAD,Miércoles,16,0,0,147,5,6.11
Calle 45,Calle 26,Jueves,9,1,0,323,4,5.9
Paloquemao,Ricaurte,Sábado,22,0,1,143,3,3.96
CAD,Av. Rojas,Domingo,11,0,1,152,6,7.26
Ricaurte,Paloquemao,Lunes,21,0,0,162,3,3.71
Ricaurte,De La Sabana,Viernes,8,1,0,355,4,6.37
CAD,Av. Rojas,Martes,22,0,0,113,6,6.4
Av. Jiménez,De La Sabana,Jueves,8,1,0,348,3,4.25
Portal El Dorado,Av. Rojas,Viernes,19,1,1,314,5,7.88
Portal Américas,Banderas,Jueves,19,1,0,301,5,8.01
Av. Rojas,CAD,Domingo,14,0,0,127,6,6.4
Pradera,Ricaurte,Lunes,11,0,0,65,5,5.46
Calle 146,Toberín,Sábado,7,0,0,145,3,4.08
Toberín,Calle 146,Lunes,20,0,0,107,3,3.25
Banderas,Pradera,Martes,18,1,0,309,6,9.66
Pradera,Ricaurte,Jueves,17,1,0,296,5,7.6
Av. Rojas,CAD,Domingo,16,0,0,144,6,6.51
Av. Rojas,CAD,Martes,12,0,1,102,6,6.98
Portal Norte,Toberín,Jueves,22,0,0,162,4,3.91
Ricaurte,Pradera,Martes,19,1,0,305,5,7.23
Av. Jiménez,Calle 26,Sábado,8,0,0,167,4,3.72
Pradera,Banderas,Lunes,12,0,0,97,6,6.44
Pepe Sierra,Calle 100,Jueves,6,1,0,362,3,4.57
Calle 146,Toberín,Martes,22,0,0,97,3,3.9
Calle 146,Toberín,Miércoles,12,0,1,62,3,2.51
Portal El Dorado,Av. Rojas,Viernes,15,0,0,137,5,5.14
Calle 100,Héroes,Viernes,12,0,0,79,5,5.48
Av. Jiménez,Calle 26,Viernes,10,0,0,129,4,4.03
Pradera,Banderas,Lunes,16,0,1,68,6,7.15
Ricaurte,Pradera,Miércoles,18,1,0,326,5,7.53
Tercer Milenio,Av. Jiménez,Domingo,22,0,0,193,3,2.86
Calle 26,Calle 45,Sábado,9,0,1,58,4,4.24
Toberín,Calle 146,Jueves,22,0,0,118,3,3.27
Pradera,Ricaurte,Martes,15,0,0,110,5,5.42
Banderas,Portal Américas,Lunes,22,0,0,69,5,5.75
Calle 45,Calle 72,Jueves,6,1,1,296,5,8.44
Calle 72,Calle 45,Viernes,22,0,0,133,5,5.52
Calle 72,Calle 45,Miércoles,14,0,1,142,5,6.03
Toberín,Portal Norte,Martes,8,1,0,325,4,6.58
Calle 26,Centro Memoria,Sábado,11,0,0,127,3,3.47
Calle 45,Calle 26,Domingo,14,0,0,116,4,4.81
CAD,Av. Rojas,Miércoles,13,0,0,92,6,7.0
Centro Memoria,Calle 26,Domingo,20,0,1,118,3,2.9
Av. Jiménez,De La Sabana,Miércoles,15,0,0,125,3,2.92
Av. Rojas,Portal El Dorado,Sábado,9,0,0,153,5,5.12
CAD,Av. Rojas,Viernes,18,1,0,282,6,8.19
Calle 45,Calle 72,Jueves,12,0,0,101,5,4.28
Paloquemao,CAD,Miércoles,13,0,1,56,5,5.94
Calle 26,Centro Memoria,Sábado,20,0,0,151,3,3.4
Ricaurte,De La Sabana,Sábado,22,0,0,81,4,4.14
CAD,Av. Rojas,Lunes,21,0,0,119,6,5.89
Calle 146,Pepe Sierra,Sábado,6,0,1,180,4,5.11
Banderas,Pradera,Sábado,12,0,0,111,6,6.34
Héroes,Calle 100,Viernes,19,1,0,308,5,6.7
Ricaurte,Paloquemao,Viernes,20,0,0,110,3,2.89
Toberín,Portal Norte,Viernes,18,1,0,259,4,5.81
Centro Memoria,CAD,Viernes,14,0,0,191,4,4.64
Pradera,Banderas,Martes,8,1,1,277,6,9.76
CAD,Centro Memoria,Martes,21,0,0,175,4,4.72
Ricaurte,De La Sabana,Jueves,7,1,0,302,4,5.75
Pradera,Ricaurte,Martes,12,0,0,147,5,5.52
Calle 146,Pepe Sierra,Domingo,6,0,0,155,4,4.56
Pradera,Ricaurte,Jueves,6,1,0,341,5,7.39
Calle 72,Héroes,Domingo,18,0,0,172,3,3.34
Av. Jiménez,De La Sabana,Domingo,8,0,1,203,3,3.33
Calle 146,Toberín,Domingo,20,0,0,189,3,3.36
Calle 146,Pepe Sierra,Miércoles,22,0,0,93,4,3.99
Calle 146,Toberín,Domingo,15,0,0,107,3,3.33
Calle 72,Calle 45,Domingo,17,0,1,140,5,5.62
Tercer Milenio,Av. Jiménez,Martes,17,1,0,299,3,5.36
Av. Rojas,CAD,Domingo,9,0,1,189,6,7.34
Calle 146,Pepe Sierra,Miércoles,6,1,0,301,4,6.05
Calle 45,Calle 26,Miércoles,17,1,1,324,4,6.04
De La Sabana,Av. Jiménez,Miércoles,19,1,0,289,3,3.82
De La Sabana,Ricaurte,Jueves,18,1,0,315,4,6.29
Av. Rojas,Portal El Dorado,Lunes,14,0,1,100,5,6.38
Pepe Sierra,Calle 146,Martes,17,1,0,250,4,5.31
CAD,Paloquemao,Jueves,15,0,0,128,5,5.74
Pepe Sierra,Calle 146,Miércoles,19,1,0,367,4,5.95
Av. Jiménez,Calle 26,Lunes,10,0,0,163,4,4.31
CAD,Av. Rojas,Jueves,8,1,0,293,6,9.33
De La Sabana,Ricaurte,Viernes,15,0,1,146,4,4.06
Toberín,Portal Norte,Jueves,7,1,0,359,4,6.67
CAD,Av. Rojas,Martes,21,0,0,94,6,6.44
Pradera,Ricaurte,Miércoles,14,0,0,139,5,5.45
Héroes,Calle 100,Jueves,13,0,0,97,5,4.97
Calle 26,Centro Memoria,Miércoles,13,0,1,118,3,3.95
CAD,Paloquemao,Viernes,11,0,0,141,5,5.2
Héroes,Calle 100,Jueves,15,0,1,150,5,4.74
Ricaurte,Pradera,Miércoles,19,1,0,345,5,6.92
Paloquemao,CAD,Martes,14,0,0,105,5,4.81
Calle 45,Calle 72,Martes,17,1,1,248,5,8.33
Av. Jiménez,Tercer Milenio,Sábado,20,0,1,101,3,3.59
Calle 26,Calle 45,Miércoles,17,1,0,298,4,6.19
Portal El Dorado,Av. Rojas,Viernes,10,0,0,123,5,4.79
Av. Rojas,CAD,Sábado,19,0,1,159,6,6.88
Calle 45,Calle 72,Miércoles,7,1,1,237,5,7.67
Pradera,Banderas,Martes,14,0,0,180,6,6.88
Calle 100,Héroes,Domingo,17,0,0,106,5,5.13
Paloquemao,Ricaurte,Jueves,22,0,0,107,3,3.99
Pradera,Banderas,Domingo,16,0,0,135,6,6.58
CAD,Av. Rojas,Lunes,8,1,1,341,6,9.82
Ricaurte,De La Sabana,Viernes,6,1,0,289,4,5.9
Paloquemao,CAD,Jueves,15,0,1,117,5,5.78
Banderas,Pradera,Lunes,13,0,0,149,6,6.47
Centro Memoria,CAD,Sábado,12,0,0,149,4,4.27
Pradera,Ricaurte,Sábado,21,0,0,123,5,4.51
Toberín,Portal Norte,Miércoles,18,1,1,336,4,6.61
Pepe Sierra,Calle 146,Sábado,9,0,0,159,4,3.16
De La Sabana,Av. Jiménez,Martes,21,0,0,203,3,3.25
Centro Memoria,Calle 26,Sábado,19,0,0,164,3,2.83
Tercer Milenio,Av. Jiménez,Sábado,8,0,0,144,3,2.79
Av. Jiménez,De La Sabana,Sábado,10,0,1,95,3,4.21
Calle 45,Calle 26,Viernes,10,0,0,112,4,4.31
Pradera,Banderas,Martes,17,1,0,334,6,9.3
Héroes,Calle 72,Jueves,17,1,0,306,3,4.65
Ricaurte,Paloquemao,Jueves,18,1,0,396,3,4.62
Calle 45,Calle 72,Domingo,7,0,0,128,5,5.74
Av. Rojas,CAD,Miércoles,11,0,0,164,6,6.97
Calle 26,Av. Jiménez,Jueves,21,0,1,145,4,4.23
Av. Jiménez,De La Sabana,Viernes,17,1,0,365,3,4.14
Ricaurte,De La Sabana,Jueves,10,0,1,132,4,4.36
Av. Jiménez,Tercer Milenio,Viernes,7,1,0,297,3,4.63
De La Sabana,Av. Jiménez,Miércoles,8,1,0,312,3,4.69
Calle 100,Héroes,Jueves,9,1,0,364,5,7.84
Banderas,Pradera,Sábado,22,0,0,110,6,6.72
Paloquemao,CAD,Martes,22,0,0,167,5,4.93
Tercer Milenio,Av. Jiménez,Miércoles,19,1,0,323,3,4.81
De La Sabana,Ricaurte,Jueves,9,1,0,288,4,6.53
Ricaurte,Pradera,Viernes,20,0,0,113,5,5.33
Centro Memoria,Calle 26,Domingo,19,0,0,113,3,3.18
Calle 146,Pepe Sierra,Domingo,12,0,0,76,4,3.58
Av. Jiménez,Calle 26,Miércoles,10,0,1,183,4,4.43
Av. Rojas,Portal El Dorado,Domingo,20,0,0,80,5,4.34
Pepe Sierra,Calle 100,Miércoles,22,0,1,94,3,2.91
De La Sabana,Ricaurte,Domingo,6,0,1,185,4,5.17
Banderas,Portal Américas,Jueves,8,1,0,272,5,8.33
Paloquemao,CAD,Miércoles,6,1,0,339,5,7.47
De La Sabana,Ricaurte,Lunes,19,1,1,200,4,7.12
Pepe Sierra,Calle 100,Martes,11,0,1,64,3,2.74
Av. Rojas,Portal El Dorado,Domingo,18,0,0,160,5,6.38
Calle 100,Héroes,Domingo,11,0,1,175,5,6.16
Portal El Dorado,Av. Rojas,Miércoles,22,0,0,143,5,5.7
Tercer Milenio,Av. Jiménez,Miércoles,21,0,1,150,3,3.64
Calle 100,Pepe Sierra,Domingo,18,0,1,124,3,3.46
Calle 26,Av. Jiménez,Martes,9,1,0,269,4,5.83
Av. Jiménez,De La Sabana,Domingo,17,0,0,52,3,3.04
Av. Rojas,Portal El Dorado,Sábado,18,0,0,80,5,4.76
Calle 146,Pepe Sierra,Domingo,7,0,0,127,4,4.81
Calle 26,Av. Jiménez,Miércoles,19,1,1,336,4,5.84
Av. Jiménez,De La Sabana,Domingo,7,0,0,80,3,3.5
Banderas,Portal Américas,Sábado,16,0,1,80,5,5.61
Av. Rojas,CAD,Jueves,11,0,0,142,6,6.04
Av. Jiménez,De La Sabana,Miércoles,22,0,0,124,3,2.65
Av. Rojas,Portal El Dorado,Domingo,15,0,1,95,5,5.87
Calle 146,Toberín,Sábado,19,0,0,56,3,3.26
Calle 72,Héroes,Lunes,18,1,0,299,3,4.72
Calle 100,Héroes,Miércoles,10,0,1,128,5,6.37
Av. Jiménez,Calle 26,Miércoles,13,0,0,125,4,4.08
CAD,Paloquemao,Jueves,14,0,0,124,5,5.53
Calle 26,Calle 45,Lunes,8,1,0,301,4,6.02
Centro Memoria,Calle 26,Viernes,12,0,0,91,3,2.87
Portal Américas,Banderas,Sábado,15,0,1,63,5,6.36
Pradera,Banderas,Jueves,7,1,0,250,6,8.57
Calle 146,Pepe Sierra,Lunes,8,1,0,271,4,6.3
Tercer Milenio,Av. Jiménez,Domingo,9,0,0,108,3,3.66
Héroes,Calle 100,Viernes,5,0,0,93,5,5.34
Calle 72,Héroes,Sábado,11,0,0,86,3,3.99
Calle 100,Héroes,Viernes,19,1,1,252,5,8.0
Calle 146,Pepe Sierra,Martes,8,1,0,325,4,6.22
Pradera,Ricaurte,Jueves,15,0,1,112,5,5.73
Calle 26,Calle 45,Lunes,12,0,0,121,4,4.18
Ricaurte,Paloquemao,Miércoles,5,0,1,158,3,4.42
Tercer Milenio,Av. Jiménez,Viernes,21,0,0,97,3,2.6
Pradera,Ricaurte,Lunes,12,0,0,116,5,6.32
Calle 100,Pepe Sierra,Sábado,7,0,0,87,3,3.79
Portal Norte,Toberín,Miércoles,9,1,0,367,4,5.91
Portal El Dorado,Av. Rojas,Viernes,10,0,1,142,5,6.51
Pepe Sierra,Calle 146,Lunes,5,0,0,104,4,4.13
Toberín,Calle 146,Domingo,17,0,0,96,3,2.74
Paloquemao,CAD,Domingo,18,0,0,94,5,4.75
Pradera,Ricaurte,Viernes,22,0,0,121,5,4.99
Av. Jiménez,Calle 26,Lunes,21,0,1,129,4,4.04
Calle 100,Héroes,Jueves,7,1,0,313,5,7.87
Pradera,Banderas,Domingo,12,0,0,40,6,6.27
Calle 146,Pepe Sierra,Lunes,19,1,0,349,4,5.61
Calle 146,Toberín,Sábado,10,0,0,186,3,3.45
Calle 100,Héroes,Martes,20,0,1,91,5,5.71
Centro Memoria,CAD,Domingo,13,0,0,142,4,4.31
Calle 100,Héroes,Domingo,13,0,0,141,5,4.98
Pepe Sierra,Calle 100,Lunes,15,0,1,126,3,2.92
Calle 26,Av. Jiménez,Miércoles,7,1,0,295,4,5.63
CAD,Centro Memoria,Jueves,10,0,0,90,4,4.67
Calle 26,Av. Jiménez,Viernes,8,1,0,343,4,6.33
CAD,Centro Memoria,Domingo,5,0,0,76,4,4.03
Centro Memoria,Calle 26,Martes,10,0,1,168,3,3.61
Toberín,Calle 146,Sábado,18,0,0,212,3,3.48
Calle 26,Calle 45,Sábado,15,0,0,127,4,4.13
Calle 146,Pepe Sierra,Lunes,21,0,0,125,4,4.19
Calle 146,Toberín,Domingo,21,0,1,148,3,3.9
Pradera,Ricaurte,Jueves,14,0,1,88,5,5.19
Tercer Milenio,Av. Jiménez,Viernes,19,1,0,226,3,4.59
Calle 45,Calle 72,Domingo,14,0,0,75,5,4.33
Calle 26,Calle 45,Viernes,20,0,1,135,4,5.67
Calle 72,Calle 45,Viernes,12,0,0,119,5,5.63
Banderas,Pradera,Viernes,16,0,0,123,6,6.33
Portal Norte,Toberín,Lunes,17,1,1,336,4,6.36
Tercer Milenio,Av. Jiménez,Viernes,12,0,0,130,3,3.32
Toberín,Calle 146,Martes,13,0,0,93,3,3.54
Calle 45,Calle 26,Viernes,18,1,0,293,4,5.68
Ricaurte,De La Sabana,Sábado,7,0,0,141,4,3.92
CAD,Centro Memoria,Domingo,17,0,0,121,4,4.24
Portal El Dorado,Av. Rojas,Sábado,9,0,0,163,5,5.6
Calle 26,Av. Jiménez,Domingo,17,0,0,118,4,4.56
De La Sabana,Av. Jiménez,Miércoles,12,0,0,175,3,3.49
Calle 45,Calle 72,Domingo,8,0,0,120,5,4.78
Calle 72,Héroes,Miércoles,18,1,0,257,3,4.31
De La Sabana,Ricaurte,Martes,19,1,0,275,4,5.88
Calle 26,Av. Jiménez,Lunes,10,0,1,122,4,4.86
Av. Jiménez,Tercer Milenio,Sábado,6,0,0,117,3,3.37
De La Sabana,Av. Jiménez,Sábado,12,0,1,122,3,2.69
Ricaurte,Pradera,Sábado,14,0,0,82,5,5.15
Calle 72,Héroes,Jueves,19,1,0,251,3,4.67
Av. Rojas,CAD,Jueves,8,1,1,361,6,10.27
Héroes,Calle 100,Lunes,12,0,0,111,5,5.87
Pradera,Ricaurte,Sábado,7,0,0,125,5,5.18
Calle 26,Av. Jiménez,Lunes,5,0,1,95,4,4.47
Calle 72,Calle 45,Jueves,9,1,0,284,5,7.53
De La Sabana,Av. Jiménez,Jueves,6,1,0,306,3,4.51
Portal El Dorado,Av. Rojas,Sábado,17,0,0,137,5,5.82
Ricaurte,Pradera,Martes,16,0,0,157,5,4.8
Calle 72,Héroes,Jueves,9,1,0,197,3,4.72
Ricaurte,Paloquemao,Sábado,14,0,0,65,3,3.01
Av. Rojas,CAD,Lunes,13,0,0,73,6,5.5
Banderas,Pradera,Domingo,21,0,0,141,6,6.73
CAD,Av. Rojas,Jueves,16,0,0,96,6,5.25
Centro Memoria,Calle 26,Viernes,21,0,0,98,3,3.3
Av. Jiménez,Calle 26,Miércoles,12,0,0,60,4,4.19
Av. Jiménez,Calle 26,Jueves,21,0,0,119,4,4.47
Av. Rojas,Portal El Dorado,Martes,8,1,0,304,5,7.12
Calle 26,Calle 45,Domingo,6,0,1,167,4,4.67
Calle 45,Calle 26,Domingo,17,0,0,118,4,3.86
Calle 72,Héroes,Viernes,15,0,1,102,3,3.1
De La Sabana,Ricaurte,Lunes,16,0,1,113,4,5.31
Portal El Dorado,Av. Rojas,Martes,20,0,0,65,5,4.52
Calle 72,Héroes,Lunes,6,1,0,358,3,4.5
Calle 26,Calle 45,Jueves,5,0,0,93,4,4.6
Paloquemao,Ricaurte,Martes,15,0,0,95,3,3.87
De La Sabana,Av. Jiménez,Martes,9,1,1,327,3,4.65
Centro Memoria,CAD,Lunes,16,0,0,206,4,4.17
Ricaurte,Pradera,Miércoles,14,0,0,149,5,5.49
Héroes,Calle 72,Jueves,20,0,0,172,3,3.88
Héroes,Calle 72,Viernes,16,0,0,121,3,2.88
Av. Rojas,Portal El Dorado,Jueves,14,0,0,138,5,5.07
Tercer Milenio,Av. Jiménez,Sábado,5,0,1,200,3,3.65
Portal El Dorado,Av. Rojas,Domingo,6,0,0,105,5,5.34
Av. Jiménez,De La Sabana,Viernes,12,0,0,66,3,2.71
Pepe Sierra,Calle 100,Martes,15,0,0,168,3,2.99
Calle 26,Calle 45,Miércoles,10,0,0,78,4,4.37
Calle 146,Pepe Sierra,Sábado,15,0,0,167,4,4.62
Av. Jiménez,Calle 26,Sábado,7,0,0,159,4,4.02
Pepe Sierra,Calle 100,Lunes,17,1,0,243,3,5.02
Pradera,Banderas,Jueves,20,0,1,107,6,6.82
De La Sabana,Ricaurte,Lunes,20,0,1,173,4,4.97
Av. Rojas,Portal El Dorado,Sábado,12,0,0,138,5,6.21
Calle 146,Pepe Sierra,Lunes,14,0,0,94,4,4.56
Calle 26,Av. Jiménez,Lunes,15,0,0,122,4,4.35
Pradera,Ricaurte,Lunes,22,0,1,181,5,6.16
Pepe Sierra,Calle 146,Viernes,20,0,0,141,4,4.71
Pradera,Banderas,Martes,18,1,0,285,6,8.62
Calle 100,Pepe Sierra,Martes,18,1,0,258,3,3.65
Av. Rojas,CAD,Miércoles,14,0,0,202,6,6.16
Calle 146,Toberín,Viernes,20,0,0,111,3,3.06
Ricaurte,De La Sabana,Lunes,14,0,1,132,4,4.99
Paloquemao,CAD,Martes,8,1,0,334,5,7.35
Héroes,Calle 72,Lunes,20,0,1,113,3,3.58
Av. Jiménez,Tercer Milenio,Jueves,20,0,1,110,3,4.11
Av. Jiménez,Calle 26,Viernes,17,1,0,319,4,6.33
Pradera,Ricaurte,Jueves,6,1,0,326,5,8.03
Portal Américas,Banderas,Domingo,13,0,0,127,5,4.8
Calle 100,Héroes,Sábado,8,0,0,135,5,5.08
De La Sabana,Ricaurte,Jueves,12,0,0,98,4,4.43
Ricaurte,Pradera,Jueves,22,0,0,169,5,5.43
Calle 26,Centro Memoria,Martes,20,0,0,132,3,3.88
Ricaurte,Pradera,Sábado,6,0,0,129,5,6.36
Centro Memoria,CAD,Sábado,9,0,0,142,4,3.58
Portal Américas,Banderas,Martes,11,0,1,150,5,6.03
Héroes,Calle 100,Lunes,18,1,0,351,5,7.9
CAD,Paloquemao,Viernes,13,0,0,114,5,4.8
Pepe Sierra,Calle 146,Viernes,17,1,0,291,4,5.64
Calle 26,Av. Jiménez,Domingo,5,0,1,96,4,4.83
Ricaurte,Paloquemao,Domingo,18,0,0,186,3,3.44
Héroes,Calle 100,Viernes,8,1,1,252,5,8.06
Av. Rojas,Portal El Dorado,Domingo,14,0,1,167,5,5.67
De La Sabana,Ricaurte,Miércoles,17,1,0,294,4,5.99
Av. Rojas,Portal El Dorado,Lunes,10,0,0,88,5,5.48
Calle 100,Héroes,Sábado,17,0,0,115,5,5.46
Av. Jiménez,De La Sabana,Lunes,20,0,1,84,3,3.25
Ricaurte,De La Sabana,Domingo,14,0,0,148,4,4.15
Calle 26,Centro Memoria,Sábado,8,0,1,189,3,3.42
Calle 26,Calle 45,Sábado,19,0,1,128,4,5.03
De La Sabana,Av. Jiménez,Jueves,7,1,0,243,3,3.71
Calle 72,Calle 45,Jueves,20,0,1,58,5,6.15
De La Sabana,Ricaurte,Viernes,10,0,0,97,4,5.22
CAD,Centro Memoria,Domingo,21,0,1,97,4,4.67
Toberín,Portal Norte,Domingo,11,0,1,181,4,5.56
Calle 26,Calle 45,Lunes,16,0,0,202,4,4.89
Av. Jiménez,Calle 26,Jueves,21,0,0,160,4,4.56
Pepe Sierra,Calle 100,Martes,16,0,0,151,3,3.01
Portal Américas,Banderas,Domingo,20,0,0,87,5,5.22
Ricaurte,De La Sabana,Domingo,13,0,0,113,4,4.04
Pepe Sierra,Calle 146,Jueves,6,1,0,327,4,6.44
Av. Rojas,Portal El Dorado,Martes,12,0,0,123,5,5.9
Calle 45,Calle 72,Jueves,21,0,0,74,5,5.11
Toberín,Portal Norte,Martes,10,0,0,91,4,3.44
Toberín,Portal Norte,Viernes,14,0,0,116,4,4.18
CAD,Paloquemao,Jueves,16,0,0,180,5,5.7
Calle 45,Calle 72,Sábado,21,0,1,79,5,6.44
Ricaurte,Pradera,Lunes,21,0,1,168,5,6.15
De La Sabana,Ricaurte,Viernes,14,0,0,110,4,3.84
Calle 100,Pepe Sierra,Miércoles,13,0,0,105,3,3.59
Av. Jiménez,Calle 26,Sábado,14,0,0,195,4,5.01
Centro Memoria,CAD,Lunes,17,1,0,280,4,5.51
Calle 100,Héroes,Sábado,20,0,1,125,5,5.11
Calle 26,Av. Jiménez,Jueves,17,1,0,312,4,5.96
Av. Rojas,Portal El Dorado,Viernes,11,0,0,101,5,4.61
Calle 45,Calle 26,Sábado,20,0,1,140,4,4.47
De La Sabana,Ricaurte,Domingo,10,0,1,73,4,3.4
Av. Rojas,CAD,Lunes,20,0,0,118,6,7.06
Calle 26,Av. Jiménez,Viernes,10,0,1,186,4,4.59
Av. Jiménez,De La Sabana,Martes,16,0,0,95,3,3.33
Tercer Milenio,Av. Jiménez,Miércoles,16,0,0,80,3,3.24
Tercer Milenio,Av. Jiménez,Lunes,20,0,0,150,3,3.72
Paloquemao,CAD,Viernes,7,1,0,295,5,7.41
Calle 72,Calle 45,Domingo,17,0,0,84,5,4.88
Banderas,Pradera,Domingo,9,0,0,110,6,6.48
Calle 45,Calle 72,Viernes,19,1,0,336,5,7.27
Héroes,Calle 72,Jueves,15,0,0,179,3,3.16
Calle 72,Héroes,Lunes,5,0,0,119,3,2.88
Calle 72,Calle 45,Martes,10,0,0,23,5,5.41
Pepe Sierra,Calle 146,Jueves,18,1,0,329,4,5.95
Centro Memoria,Calle 26,Lunes,22,0,0,122,3,3.39
De La Sabana,Ricaurte,Miércoles,21,0,0,57,4,3.9
Portal Norte,Toberín,Martes,12,0,0,151,4,3.8
Ricaurte,De La Sabana,Lunes,17,1,0,311,4,5.48
Tercer Milenio,Av. Jiménez,Domingo,6,0,0,138,3,3.19
Tercer Milenio,Av. Jiménez,Viernes,21,0,0,55,3,3.55
Héroes,Calle 100,Jueves,16,0,1,90,5,5.4
Héroes,Calle 72,Domingo,17,0,0,128,3,3.65
Calle 45,Calle 26,Martes,11,0,0,79,4,4.18
Av. Rojas,Portal El Dorado,Lunes,16,0,0,137,5,5.62
Calle 146,Toberín,Sábado,13,0,1,127,3,3.34
Paloquemao,Ricaurte,Lunes,8,1,0,266,3,4.48
Toberín,Portal Norte,Lunes,18,1,0,257,4,4.75
Pepe Sierra,Calle 100,Jueves,9,1,0,317,3,4.89
CAD,Paloquemao,Jueves,8,1,0,205,5,6.86
Calle 26,Av. Jiménez,Sábado,9,0,0,144,4,5.11
Pepe Sierra,Calle 100,Viernes,8,1,0,300,3,4.21
Calle 100,Pepe Sierra,Viernes,11,0,1,112,3,4.02
Centro Memoria,CAD,Miércoles,18,1,0,274,4,5.63
Toberín,Calle 146,Martes,20,0,0,100,3,2.77
Toberín,Portal Norte,Lunes,8,1,1,304,4,7.06
Centro Memoria,Calle 26,Lunes,21,0,0,132,3,3.1
Pepe Sierra,Calle 100,Sábado,12,0,0,108,3,2.54
Tercer Milenio,Av. Jiménez,Lunes,8,1,1,335,3,4.82
Toberín,Calle 146,Miércoles,15,0,0,112,3,4.45
Calle 100,Pepe Sierra,Domingo,6,0,0,131,3,2.9
Calle 100,Héroes,Martes,15,0,0,102,5,5.71
Banderas,Portal Américas,Miércoles,7,1,0,304,5,6.93
De La Sabana,Av. Jiménez,Jueves,17,1,1,336,3,4.59
Calle 26,Av. Jiménez,Sábado,20,0,1,194,4,5.22
Paloquemao,CAD,Martes,8,1,0,282,5,7.97
Toberín,Calle 146,Domingo,10,0,0,122,3,3.52
Portal El Dorado,Av. Rojas,Viernes,19,1,0,319,5,7.21
Ricaurte,Pradera,Viernes,5,0,1,94,5,6.15
Héroes,Calle 100,Jueves,8,1,1,286,5,7.8
Portal Américas,Banderas,Miércoles,15,0,0,81,5,5.37
Centro Memoria,CAD,Viernes,12,0,1,202,4,4.38
Av. Jiménez,De La Sabana,Sábado,8,0,0,120,3,3.74
Calle 26,Calle 45,Sábado,17,0,0,116,4,4.41
CAD,Av. Rojas,Viernes,6,1,0,257,6,9.04
Héroes,Calle 72,Jueves,20,0,1,112,3,3.86
Calle 146,Pepe Sierra,Miércoles,12,0,0,167,4,5.37
Av. Jiménez,Calle 26,Martes,22,0,0,143,4,4.42
Ricaurte,Pradera,Lunes,19,1,0,307,5,7.38
Portal El Dorado,Av. Rojas,Domingo,20,0,0,133,5,5.21
Pepe Sierra,Calle 100,Sábado,5,0,0,126,3,3.72
Banderas,Pradera,Viernes,5,0,1,79,6,7.29
Ricaurte,Paloquemao,Sábado,14,0,1,172,3,3.51
Av. Rojas,CAD,Sábado,19,0,1,35,6,6.46
De La Sabana,Ricaurte,Domingo,12,0,1,171,4,4.73
Av. Jiménez,De La Sabana,Viernes,20,0,0,80,3,2.92
De La Sabana,Ricaurte,Lunes,8,1,1,333,4,6.68
Calle 26,Calle 45,Miércoles,14,0,0,110,4,4.07
De La Sabana,Ricaurte,Lunes,10,0,0,104,4,3.84
Banderas,Pradera,Viernes,11,0,0,184,6,6.42
Pradera,Ricaurte,Domingo,11,0,0,168,5,6.03
Pepe Sierra,Calle 100,Lunes,8,1,1,339,3,4.69
Portal Américas,Banderas,Viernes,21,0,0,136,5,5.33
Centro Memoria,Calle 26,Sábado,6,0,0,83,3,3.25
Pradera,Banderas,Jueves,21,0,1,72,6,7.29
Héroes,Calle 72,Martes,9,1,0,281,3,4.55
Ricaurte,Paloquemao,Miércoles,21,0,1,131,3,3.39
Pradera,Banderas,Sábado,12,0,0,143,6,6.24
Av. Jiménez,De La Sabana,Jueves,9,1,0,334,3,4.01
Ricaurte,Paloquemao,Sábado,21,0,0,125,3,3.96
CAD,Av. Rojas,Sábado,22,0,0,79,6,5.97
Calle 45,Calle 72,Sábado,14,0,0,140,5,5.42
Calle 100,Héroes,Sábado,10,0,0,134,5,5.53
CAD,Paloquemao,Lunes,16,0,0,145,5,5.81
Av. Rojas,Portal El Dorado,Sábado,18,0,0,136,5,5.24
Av. Rojas,CAD,Domingo,18,0,1,146,6,7.8
CAD,Centro Memoria,Jueves,9,1,0,294,4,5.6
Calle 146,Toberín,Domingo,10,0,1,164,3,3.5
Av. Jiménez,Calle 26,Lunes,14,0,0,33,4,4.4
Av. Rojas,CAD,Domingo,19,0,0,98,6,6.26
CAD,Av. Rojas,Sábado,22,0,0,133,6,6.48
Centro Memoria,CAD,Domingo,14,0,0,148,4,4.12
Toberín,Calle 146,Jueves,18,1,1,320,3,4.73
Av. Jiménez,De La Sabana,Lunes,5,0,0,149,3,3.47
Calle 72,Calle 45,Domingo,19,0,1,82,5,6.14
Paloquemao,CAD,Sábado,16,0,1,98,5,6.07
CAD,Av. Rojas,Martes,11,0,0,134,6,7.14
Héroes,Calle 72,Lunes,10,0,1,111,3,3.33
CAD,Centro Memoria,Lunes,18,1,0,299,4,5.88
Av. Jiménez,Calle 26,Viernes,13,0,0,151,4,3.66
Banderas,Portal Américas,Martes,6,1,0,257,5,6.97
Av. Jiménez,De La Sabana,Domingo,14,0,0,158,3,3.92
Av. Rojas,Portal El Dorado,Lunes,15,0,0,115,5,5.22
Héroes,Calle 72,Domingo,21,0,0,122,3,3.65
CAD,Av. Rojas,Lunes,16,0,0,82,6,6.34
Calle 72,Calle 45,Miércoles,16,0,0,159,5,5.6
Ricaurte,Paloquemao,Viernes,5,0,0,127,3,3.59
Ricaurte,De La Sabana,Sábado,12,0,1,11,4,4.69
De La Sabana,Av. Jiménez,Domingo,8,0,0,93,3,2.41
CAD,Av. Rojas,Lunes,21,0,1,140,6,7.57
De La Sabana,Ricaurte,Viernes,19,1,0,294,4,6.37
Av. Jiménez,Tercer Milenio,Martes,15,0,0,184,3,3.8
Calle 100,Pepe Sierra,Domingo,22,0,0,185,3,3.57
CAD,Paloquemao,Sábado,11,0,1,123,5,5.17
Pradera,Banderas,Martes,22,0,1,110,6,6.59
Pradera,Banderas,Lunes,9,1,0,386,6,9.19
De La Sabana,Av. Jiménez,Lunes,6,1,0,304,3,4.73
Calle 26,Av. Jiménez,Viernes,12,0,1,121,4,5.32
Banderas,Pradera,Sábado,17,0,0,95,6,6.36
Toberín,Portal Norte,Lunes,22,0,0,90,4,3.65
Paloquemao,Ricaurte,Sábado,6,0,0,95,3,3.13
Pepe Sierra,Calle 146,Viernes,8,1,0,282,4,5.69
Av. Jiménez,Tercer Milenio,Miércoles,19,1,0,243,3,4.38
Toberín,Portal Norte,Viernes,12,0,0,59,4,4.42
Ricaurte,Pradera,Domingo,22,0,0,123,5,4.72
CAD,Paloquemao,Sábado,16,0,1,107,5,5.47
Portal Norte,Toberín,Viernes,9,1,0,312,4,6.56
Portal Norte,Toberín,Jueves,22,0,0,44,4,4.13
Pepe Sierra,Calle 146,Sábado,16,0,0,113,4,4.49
Paloquemao,CAD,Martes,10,0,0,128,5,5.02
Ricaurte,Paloquemao,Martes,8,1,0,287,3,4.16
Av. Rojas,Portal El Dorado,Domingo,22,0,0,163,5,5.42
Av. Rojas,CAD,Sábado,7,0,0,196,6,6.56
Calle 72,Calle 45,Jueves,15,0,0,91,5,4.62
CAD,Paloquemao,Miércoles,7,1,1,227,5,7.18
De La Sabana,Av. Jiménez,Miércoles,14,0,0,130,3,3.4
Calle 100,Héroes,Miércoles,15,0,1,56,5,6.0
Calle 72,Héroes,Martes,12,0,0,100,3,3.21
CAD,Paloquemao,Domingo,16,0,0,184,5,5.82
Av. Jiménez,De La Sabana,Jueves,19,1,0,289,3,4.13
Tercer Milenio,Av. Jiménez,Lunes,10,0,0,33,3,2.76
Calle 146,Pepe Sierra,Domingo,9,0,1,111,4,4.23
Calle 45,Calle 72,Sábado,7,0,0,114,5,5.32
Portal Norte,Toberín,Sábado,5,0,1,111,4,4.36
Portal El Dorado,Av. Rojas,Viernes,11,0,1,126,5,5.99
Av. Rojas,CAD,Viernes,20,0,0,76,6,6.79
Héroes,Calle 100,Martes,14,0,0,116,5,5.3
Centro Memoria,CAD,Jueves,16,0,0,148,4,4.39
Calle 45,Calle 26,Domingo,10,0,1,158,4,4.83
Héroes,Calle 100,Martes,9,1,0,275,5,7.58
Calle 26,Centro Memoria,Lunes,12,0,1,74,3,3.45
Calle 26,Calle 45,Miércoles,12,0,0,118,4,4.15
Calle 72,Calle 45,Domingo,16,0,0,114,5,4.53
Banderas,Portal Américas,Lunes,15,0,0,98,5,5.28
Centro Memoria,CAD,Miércoles,13,0,0,126,4,3.84
Portal El Dorado,Av. Rojas,Sábado,17,0,0,170,5,5.08
Paloquemao,CAD,Lunes,21,0,0,158,5,5.57
Calle 45,Calle 26,Miércoles,16,0,0,94,4,4.9
Calle 26,Centro Memoria,Lunes,21,0,1,72,3,3.78
Portal Américas,Banderas,Lunes,21,0,0,160,5,5.13
Calle 45,Calle 72,Martes,16,0,0,175,5,5.34
Pepe Sierra,Calle 100,Jueves,15,0,0,131,3,3.3
Calle 26,Centro Memoria,Jueves,11,0,0,114,3,3.5
Paloquemao,CAD,Lunes,12,0,0,151,5,4.68
Av. Rojas,Portal El Dorado,Martes,21,0,0,172,5,4.77
Portal El Dorado,Av. Rojas,Martes,13,0,1,161,5,6.35
Centro Memoria,CAD,Viernes,5,0,1,76,4,4.39
Av. Jiménez,Tercer Milenio,Martes,19,1,0,255,3,4.35
Calle 26,Centro Memoria,Martes,12,0,1,107,3,3.77
Paloquemao,Ricaurte,Viernes,10,0,0,172,3,3.82
CAD,Centro Memoria,Sábado,15,0,1,97,4,4.51
Ricaurte,Paloquemao,Martes,17,1,0,232,3,4.08
Calle 100,Pepe Sierra,Viernes,21,0,0,158,3,3.88
Calle 100,Héroes,Martes,20,0,1,70,5,5.44
Paloquemao,Ricaurte,Domingo,22,0,0,118,3,3.29
Calle 100,Pepe Sierra,Sábado,9,0,1,87,3,3.6
CAD,Av. Rojas,Domingo,18,0,0,101,6,6.3
De La Sabana,Ricaurte,Sábado,21,0,0,141,4,4.28
Calle 26,Centro Memoria,Jueves,16,0,0,102,3,3.11
Portal El Dorado,Av. Rojas,Martes,13,0,0,116,5,5.14
Calle 45,Calle 26,Lunes,14,0,0,109,4,4.86
Av. Rojas,CAD,Martes,5,0,0,142,6,6.31
Portal Norte,Toberín,Lunes,21,0,0,147,4,4.16
CAD,Paloquemao,Domingo,15,0,0,166,5,5.56
Calle 100,Pepe Sierra,Sábado,13,0,0,115,3,3.35
Av. Rojas,CAD,Miércoles,13,0,1,57,6,6.32
Ricaurte,Pradera,Jueves,22,0,1,72,5,5.74
Centro Memoria,Calle 26,Viernes,22,0,0,189,3,4.18
Av. Jiménez,Tercer Milenio,Domingo,17,0,0,145,3,3.42
Pepe Sierra,Calle 100,Jueves,10,0,0,47,3,2.85
CAD,Centro Memoria,Miércoles,22,0,0,88,4,3.93
Calle 146,Toberín,Sábado,5,0,1,113,3,3.28
Héroes,Calle 100,Viernes,18,1,0,220,5,7.6
Av. Jiménez,Calle 26,Lunes,6,1,0,257,4,6.01
Ricaurte,Pradera,Viernes,14,0,0,202,5,5.14
Paloquemao,Ricaurte,Domingo,10,0,0,18,3,2.91
Portal Américas,Banderas,Domingo,21,0,0,164,5,6.19
Toberín,Calle 146,Viernes,21,0,0,70,3,3.3
Paloquemao,Ricaurte,Lunes,16,0,0,101,3,3.11
Portal Norte,Toberín,Lunes,13,0,1,225,4,4.25
De La Sabana,Ricaurte,Jueves,11,0,0,130,4,4.45
Calle 146,Pepe Sierra,Viernes,14,0,0,163,4,4.37
CAD,Av. Rojas,Miércoles,16,0,1,132,6,6.84
Av. Jiménez,Calle 26,Martes,19,1,1,310,4,6.28
Portal El Dorado,Av. Rojas,Martes,18,1,0,324,5,7.41
Av. Rojas,CAD,Miércoles,15,0,1,135,6,6.99
Centro Memoria,CAD,Viernes,13,0,0,165,4,4.31
Ricaurte,Pradera,Domingo,12,0,1,49,5,6.13
Banderas,Portal Américas,Viernes,5,0,0,83,5,4.95
Av. Jiménez,Calle 26,Sábado,12,0,0,96,4,4.74
Calle 45,Calle 26,Jueves,16,0,0,34,4,5.32
Portal Norte,Toberín,Miércoles,12,0,0,162,4,4.41
Ricaurte,Pradera,Domingo,15,0,0,117,5,5.41
Calle 72,Héroes,Miércoles,11,0,1,140,3,3.77
Av. Jiménez,Calle 26,Sábado,11,0,0,142,4,4.32
Calle 45,Calle 72,Martes,13,0,0,112,5,5.22
Calle 72,Calle 45,Domingo,16,0,0,112,5,5.73
Calle 100,Pepe Sierra,Lunes,20,0,0,143,3,2.04
CAD,Av. Rojas,Domingo,20,0,0,146,6,6.52
De La Sabana,Av. Jiménez,Viernes,13,0,0,119,3,3.02
CAD,Centro Memoria,Martes,9,1,0,344,4,6.47
Banderas,Pradera,Viernes,6,1,0,269,6,9.07
Ricaurte,Pradera,Domingo,10,0,0,81,5,4.65
Pepe Sierra,Calle 100,Jueves,15,0,0,94,3,3.49
Portal Norte,Toberín,Jueves,8,1,0,338,4,6.28
Ricaurte,Paloquemao,Martes,22,0,0,149,3,3.43
Av. Jiménez,Calle 26,Viernes,15,0,0,94,4,4.36
Centro Memoria,Calle 26,Jueves,16,0,0,152,3,3.53
Pradera,Ricaurte,Martes,9,1,1,347,5,8.4
Calle 45,Calle 26,Sábado,13,0,1,134,4,5.1
Av. Rojas,CAD,Jueves,11,0,0,118,6,6.0
Héroes,Calle 100,Lunes,10,0,0,113,5,4.98
Calle 100,Héroes,Domingo,21,0,0,92,5,5.17
Av. Jiménez,De La Sabana,Miércoles,13,0,0,88,3,3.01
Portal El Dorado,Av. Rojas,Lunes,10,0,0,44,5,5.2
Av. Jiménez,Calle 26,Sábado,8,0,0,120,4,3.91
De La Sabana,Av. Jiménez,Miércoles,22,0,0,146,3,3.59
Av. Jiménez,Calle 26,Jueves,8,1,0,235,4,5.56
Paloquemao,Ricaurte,Viernes,22,0,0,89,3,2.76
Tercer Milenio,Av. Jiménez,Sábado,21,0,0,153,3,3.15
Banderas,Portal Américas,Jueves,14,0,0,109,5,4.47
Calle 100,Héroes,Sábado,15,0,0,145,5,4.87
Ricaurte,Paloquemao,Domingo,7,0,0,122,3,3.29
De La Sabana,Av. Jiménez,Miércoles,14,0,0,174,3,2.74
Ricaurte,Paloquemao,Miércoles,19,1,1,179,3,4.69
De La Sabana,Ricaurte,Viernes,19,1,0,372,4,6.64
Héroes,Calle 72,Martes,12,0,0,128,3,3.0
Pepe Sierra,Calle 146,Jueves,8,1,0,332,4,5.67
Calle 26,Centro Memoria,Lunes,17,1,0,319,3,4.73
Pepe Sierra,Calle 146,Viernes,9,1,0,342,4,7.19
Pradera,Ricaurte,Martes,14,0,0,135,5,5.13
Héroes,Calle 100,Domingo,10,0,0,118,5,4.59
De La Sabana,Ricaurte,Miércoles,20,0,0,92,4,4.02
CAD,Av. Rojas,Viernes,19,1,0,279,6,9.0
Av. Rojas,CAD,Viernes,19,1,0,267,6,9.35
Paloquemao,CAD,Jueves,21,0,0,120,5,5.3
Av. Rojas,CAD,Miércoles,20,0,0,106,6,6.38
Pepe Sierra,Calle 146,Miércoles,18,1,0,333,4,5.72
Tercer Milenio,Av. Jiménez,Viernes,9,1,0,273,3,4.34
Calle 26,Centro Memoria,Sábado,20,0,1,66,3,3.07
Centro Memoria,Calle 26,Domingo,18,0,1,100,3,3.8
Paloquemao,Ricaurte,Lunes,22,0,0,130,3,3.27
Pradera,Banderas,Jueves,17,1,0,334,6,9.05
CAD,Paloquemao,Jueves,12,0,0,135,5,5.3
Pradera,Banderas,Viernes,13,0,0,130,6,6.16
CAD,Av. Rojas,Jueves,11,0,1,22,6,6.61
Calle 72,Héroes,Lunes,19,1,0,356,3,4.95
Calle 26,Av. Jiménez,Jueves,11,0,0,158,4,4.81
Héroes,Calle 100,Viernes,5,0,0,123,5,5.39
Calle 100,Pepe Sierra,Martes,19,1,0,275,3,4.34
Calle 26,Calle 45,Lunes,20,0,0,144,4,4.77
Banderas,Pradera,Domingo,20,0,1,114,6,6.76
Banderas,Portal Américas,Lunes,15,0,0,120,5,5.54
Héroes,Calle 100,Domingo,17,0,0,62,5,4.24
Centro Memoria,Calle 26,Domingo,13,0,1,97,3,2.96
Toberín,Portal Norte,Domingo,12,0,0,99,4,4.14
Portal Américas,Banderas,Lunes,11,0,0,101,5,5.83
Pepe Sierra,Calle 100,Martes,20,0,0,133,3,3.32
Av. Jiménez,Tercer Milenio,Martes,6,1,0,324,3,4.08
CAD,Av. Rojas,Miércoles,20,0,0,161,6,6.45
Calle 45,Calle 72,Lunes,11,0,1,146,5,5.44
Calle 45,Calle 26,Miércoles,5,0,0,57,4,4.44
Calle 26,Av. Jiménez,Jueves,12,0,0,135,4,3.91
Toberín,Calle 146,Sábado,20,0,0,85,3,3.58
Héroes,Calle 100,Lunes,12,0,0,72,5,5.84
Calle 146,Pepe Sierra,Miércoles,6,1,0,263,4,6.18
CAD,Paloquemao,Viernes,8,1,0,286,5,7.71
Calle 26,Calle 45,Viernes,16,0,1,98,4,4.53
Banderas,Portal Américas,Lunes,17,1,0,301,5,7.1
Héroes,Calle 100,Lunes,20,0,0,149,5,5.17
Av. Rojas,CAD,Sábado,20,0,0,110,6,5.93
Héroes,Calle 72,Miércoles,19,1,0,197,3,4.27
Ricaurte,Paloquemao,Viernes,10,0,0,216,3,3.64
Héroes,Calle 100,Domingo,13,0,0,119,5,5.19
Portal Américas,Banderas,Sábado,21,0,0,120,5,5.52
Héroes,Calle 72,Viernes,16,0,1,72,3,3.85
Calle 26,Calle 45,Lunes,22,0,1,148,4,4.98
Calle 72,Calle 45,Jueves,22,0,0,137,5,5.35
Tercer Milenio,Av. Jiménez,Sábado,15,0,0,146,3,3.46
Centro Memoria,CAD,Lunes,9,1,0,285,4,5.74
Calle 146,Toberín,Jueves,11,0,0,124,3,3.81
Av. Rojas,Portal El Dorado,Jueves,20,0,0,70,5,4.59
Portal El Dorado,Av. Rojas,Miércoles,12,0,0,126,5,5.34
Pepe Sierra,Calle 146,Martes,20,0,1,126,4,4.75
Pepe Sierra,Calle 146,Sábado,6,0,0,111,4,4.82
Pradera,Banderas,Domingo,6,0,1,55,6,6.43
Calle 26,Av. Jiménez,Sábado,7,0,1,115,4,3.97
Calle 146,Pepe Sierra,Viernes,8,1,0,292,4,6.65
Calle 45,Calle 26,Martes,11,0,0,120,4,4.33
Calle 45,Calle 26,Martes,22,0,0,69,4,3.89
Pradera,Banderas,Domingo,16,0,0,104,6,6.18
Pradera,Banderas,Martes,10,0,0,171,6,6.74
CAD,Centro Memoria,Martes,22,0,1,75,4,4.65
Banderas,Portal Américas,Miércoles,22,0,1,139,5,6.3
Av. Jiménez,De La Sabana,Jueves,18,1,1,363,3,4.49
Av. Jiménez,De La Sabana,Viernes,22,0,0,87,3,2.63
CAD,Av. Rojas,Miércoles,16,0,1,110,6,7.12
Banderas,Portal Américas,Lunes,6,1,1,339,5,8.07
Paloquemao,Ricaurte,Martes,14,0,0,107,3,3.22
Calle 26,Calle 45,Miércoles,5,0,1,86,4,5.41
Calle 26,Av. Jiménez,Viernes,22,0,0,55,4,4.18
Portal El Dorado,Av. Rojas,Lunes,19,1,0,380,5,7.7
Héroes,Calle 100,Viernes,12,0,0,112,5,5.14
Tercer Milenio,Av. Jiménez,Jueves,11,0,0,112,3,3.72
Av. Jiménez,De La Sabana,Martes,20,0,1,31,3,3.96
Av. Rojas,Portal El Dorado,Lunes,14,0,0,63,5,5.05
Portal El Dorado,Av. Rojas,Domingo,6,0,1,102,5,5.99
De La Sabana,Av. Jiménez,Domingo,18,0,0,56,3,3.27
Pepe Sierra,Calle 100,Martes,5,0,0,200,3,2.75
CAD,Paloquemao,Miércoles,21,0,0,127,5,5.05
CAD,Av. Rojas,Miércoles,21,0,0,137,6,6.42
Héroes,Calle 100,Sábado,17,0,1,94,5,5.93
Ricaurte,Paloquemao,Lunes,12,0,0,192,3,3.21
Pradera,Ricaurte,Miércoles,7,1,0,328,5,7.05
Toberín,Calle 146,Miércoles,7,1,0,261,3,4.63
Pradera,Banderas,Martes,9,1,0,359,6,9.32
Calle 45,Calle 72,Sábado,11,0,0,107,5,5.27
CAD,Centro Memoria,Lunes,13,0,1,69,4,4.78
Av. Jiménez,De La Sabana,Viernes,7,1,0,335,3,4.37
Banderas,Pradera,Miércoles,11,0,0,101,6,6.41
Ricaurte,Paloquemao,Domingo,14,0,0,102,3,3.13
De La Sabana,Ricaurte,Domingo,19,0,0,203,4,4.31
Portal Américas,Banderas,Domingo,12,0,0,105,5,5.0
Ricaurte,De La Sabana,Sábado,7,0,0,149,4,4.23
Calle 146,Toberín,Viernes,9,1,1,274,3,5.29
Tercer Milenio,Av. Jiménez,Sábado,8,0,0,176,3,3.02
Centro Memoria,Calle 26,Martes,22,0,0,45,3,3.47
CAD,Av. Rojas,Miércoles,22,0,0,92,6,6.59
Calle 100,Héroes,Sábado,5,0,0,41,5,5.46
CAD,Centro Memoria,Martes,6,1,0,251,4,6.19
Paloquemao,Ricaurte,Jueves,5,0,0,120,3,2.8
Calle 26,Av. Jiménez,Sábado,16,0,1,103,4,4.88
Toberín,Portal Norte,Sábado,17,0,0,124,4,4.48
Ricaurte,Pradera,Sábado,8,0,1,199,5,5.37
Calle 26,Centro Memoria,Viernes,7,1,0,364,3,4.64
Centro Memoria,CAD,Viernes,5,0,0,84,4,3.64
CAD,Centro Memoria,Jueves,17,1,0,292,4,6.35
Toberín,Portal Norte,Miércoles,16,0,0,114,4,4.83
Calle 45,Calle 26,Viernes,13,0,1,61,4,4.52
CAD,Paloquemao,Jueves,5,0,1,69,5,5.82
Av. Jiménez,Calle 26,Miércoles,17,1,0,335,4,5.9
Calle 146,Pepe Sierra,Viernes,12,0,0,15,4,4.11
Portal El Dorado,Av. Rojas,Miércoles,15,0,0,137,5,5.5
Héroes,Calle 100,Martes,22,0,0,169,5,4.99
Calle 72,Calle 45,Miércoles,21,0,1,147,5,6.34
Pradera,Banderas,Domingo,9,0,0,48,6,6.27
Av. Rojas,Portal El Dorado,Miércoles,7,1,0,279,5,7.41
Calle 100,Pepe Sierra,Domingo,9,0,0,133,3,3.0
Av. Jiménez,De La Sabana,Jueves,18,1,0,272,3,4.47
Paloquemao,CAD,Miércoles,9,1,1,256,5,7.46
Calle 100,Pepe Sierra,Lunes,13,0,0,147,3,2.76
Paloquemao,Ricaurte,Martes,12,0,0,146,3,3.4
Ricaurte,De La Sabana,Domingo,20,0,0,50,4,3.83
Paloquemao,Ricaurte,Sábado,16,0,0,167,3,2.86
Pradera,Ricaurte,Martes,10,0,0,101,5,5.44
Calle 146,Toberín,Lunes,13,0,1,151,3,3.43
Calle 45,Calle 26,Martes,11,0,0,96,4,4.76
Banderas,Portal Américas,Jueves,15,0,1,189,5,6.36
Calle 26,Calle 45,Domingo,6,0,0,123,4,3.92
Ricaurte,Pradera,Jueves,22,0,0,86,5,5.42
Toberín,Calle 146,Jueves,19,1,1,316,3,5.38
Toberín,Calle 146,Martes,21,0,0,146,3,2.62
Toberín,Calle 146,Viernes,6,1,0,342,3,4.16
Portal Américas,Banderas,Miércoles,14,0,0,104,5,5.36
Banderas,Pradera,Lunes,21,0,1,199,6,8.44
Banderas,Portal Américas,Jueves,7,1,0,324,5,7.49
Calle 100,Pepe Sierra,Viernes,22,0,0,141,3,3.57
Banderas,Pradera,Lunes,10,0,0,107,6,7.04
Calle 72,Calle 45,Lunes,13,0,0,129,5,5.52
Paloquemao,CAD,Domingo,10,0,0,146,5,5.53
Calle 100,Pepe Sierra,Sábado,19,0,0,153,3,2.98
Calle 146,Pepe Sierra,Jueves,21,0,0,97,4,3.75
Calle 72,Héroes,Jueves,6,1,1,317,3,5.14
Av. Jiménez,De La Sabana,Sábado,9,0,0,138,3,3.88
Héroes,Calle 100,Sábado,6,0,0,119,5,5.56
Av. Jiménez,Tercer Milenio,Jueves,14,0,0,76,3,2.96
Pepe Sierra,Calle 100,Martes,5,0,0,147,3,3.56
Av. Jiménez,Calle 26,Jueves,20,0,0,108,4,4.19
Portal Norte,Toberín,Jueves,12,0,0,59,4,3.98
Centro Memoria,Calle 26,Jueves,7,1,0,335,3,4.78
Toberín,Portal Norte,Viernes,13,0,0,140,4,4.3
CAD,Av. Rojas,Martes,6,1,0,300,6,8.74
Toberín,Calle 146,Lunes,9,1,1,327,3,5.01
Av. Rojas,Portal El Dorado,Miércoles,15,0,1,139,5,5.64
Calle 146,Toberín,Martes,10,0,0,33,3,3.49
Ricaurte,Paloquemao,Sábado,22,0,0,100,3,2.8
Banderas,Portal Américas,Miércoles,6,1,0,327,5,7.41
Tercer Milenio,Av. Jiménez,Jueves,7,1,1,342,3,5.11
Av. Rojas,CAD,Jueves,9,1,0,327,6,8.53
Av. Jiménez,Calle 26,Jueves,21,0,0,168,4,4.44
Calle 72,Calle 45,Lunes,21,0,1,105,5,5.82
Calle 26,Centro Memoria,Viernes,14,0,0,48,3,3.24
De La Sabana,Av. Jiménez,Viernes,16,0,1,78,3,2.88
Ricaurte,Paloquemao,Viernes,20,0,0,59,3,3.53
Héroes,Calle 72,Martes,14,0,1,94,3,4.05
Toberín,Portal Norte,Jueves,8,1,0,278,4,5.27
Calle 72,Calle 45,Jueves,18,1,0,255,5,7.88
De La Sabana,Ricaurte,Sábado,11,0,0,113,4,4.01
Calle 72,Calle 45,Miércoles,7,1,0,306,5,7.72
Centro Memoria,CAD,Domingo,5,0,0,164,4,4.91
De La Sabana,Av. Jiménez,Sábado,5,0,1,105,3,2.93
Calle 45,Calle 72,Miércoles,20,0,1,103,5,5.86
Toberín,Calle 146,Jueves,9,1,0,261,3,4.06
CAD,Av. Rojas,Jueves,18,1,1,313,6,9.62
Toberín,Calle 146,Miércoles,15,0,0,121,3,2.88
Toberín,Portal Norte,Sábado,15,0,1,110,4,4.25
Ricaurte,De La Sabana,Martes,13,0,1,155,4,5.12
Av. Jiménez,De La Sabana,Sábado,22,0,1,46,3,3.0
Av. Rojas,Portal El Dorado,Martes,8,1,1,240,5,7.59
Av. Jiménez,Tercer Milenio,Miércoles,6,1,0,296,3,3.91
Pepe Sierra,Calle 146,Martes,16,0,0,83,4,3.76
Tercer Milenio,Av. Jiménez,Miércoles,10,0,0,128,3,3.22
Toberín,Calle 146,Lunes,19,1,0,271,3,4.53
Calle 26,Centro Memoria,Martes,11,0,0,98,3,3.04
Calle 26,Centro Memoria,Viernes,14,0,1,186,3,4.12
Calle 100,Héroes,Lunes,21,0,0,68,5,5.5
Héroes,Calle 100,Lunes,19,1,0,332,5,7.12
CAD,Centro Memoria,Miércoles,6,1,0,332,4,6.68
Ricaurte,Paloquemao,Miércoles,19,1,1,255,3,4.37
Pepe Sierra,Calle 100,Sábado,14,0,0,160,3,3.35
Av. Jiménez,Tercer Milenio,Martes,15,0,0,142,3,3.35
Tercer Milenio,Av. Jiménez,Miércoles,19,1,0,315,3,3.99
Av. Jiménez,Calle 26,Miércoles,8,1,0,341,4,6.55
Ricaurte,Paloquemao,Lunes,11,0,0,110,3,3.15
Av. Rojas,CAD,Martes,14,0,0,58,6,6.38
Calle 72,Héroes,Viernes,15,0,0,142,3,3.19
Calle 146,Toberín,Jueves,6,1,0,344,3,4.43
Calle 146,Toberín,Jueves,10,0,0,142,3,2.81
Av. Rojas,Portal El Dorado,Sábado,19,0,0,119,5,5.23
Tercer Milenio,Av. Jiménez,Martes,22,0,0,129,3,3.05
Banderas,Portal Américas,Lunes,19,1,0,294,5,7.82
Av. Jiménez,Tercer Milenio,Sábado,19,0,0,102,3,2.51
Calle 26,Calle 45,Viernes,13,0,1,189,4,5.33
Pradera,Ricaurte,Sábado,15,0,1,68,5,5.95
De La Sabana,Av. Jiménez,Lunes,7,1,0,279,3,4.57
Ricaurte,De La Sabana,Domingo,10,0,0,131,4,4.17
De La Sabana,Ricaurte,Martes,21,0,0,88,4,3.9
Calle 100,Pepe Sierra,Sábado,7,0,1,83,3,3.09
Av. Rojas,CAD,Viernes,18,1,0,297,6,8.7
Calle 45,Calle 26,Jueves,17,1,0,327,4,6.65
Calle 72,Calle 45,Viernes,18,1,1,276,5,8.04
Pradera,Banderas,Miércoles,22,0,0,139,6,6.61
Héroes,Calle 72,Lunes,20,0,0,123,3,3.48
Paloquemao,Ricaurte,Viernes,8,1,1,319,3,4.33
Calle 72,Héroes,Jueves,7,1,0,334,3,4.91
Ricaurte,Paloquemao,Jueves,15,0,0,89,3,3.15
Calle 146,Toberín,Domingo,9,0,1,147,3,3.44
Paloquemao,CAD,Domingo,9,0,0,162,5,6.35
Banderas,Portal Américas,Jueves,19,1,0,268,5,6.87
De La Sabana,Av. Jiménez,Domingo,14,0,1,132,3,3.79
Pradera,Banderas,Miércoles,7,1,0,290,6,9.55
Ricaurte,Paloquemao,Jueves,9,1,1,246,3,5.0
Calle 146,Toberín,Viernes,6,1,0,275,3,5.15
CAD,Av. Rojas,Miércoles,8,1,1,379,6,9.53
Toberín,Portal Norte,Sábado,17,0,0,98,4,4.54
Pradera,Ricaurte,Jueves,22,0,0,104,5,5.24
Calle 72,Héroes,Martes,22,0,0,121,3,2.41
De La Sabana,Ricaurte,Martes,14,0,1,119,4,4.36
Héroes,Calle 100,Lunes,5,0,0,100,5,5.83
Calle 26,Centro Memoria,Martes,7,1,0,249,3,4.75
Pradera,Banderas,Domingo,18,0,0,108,6,6.21
Banderas,Portal Américas,Viernes,19,1,0,331,5,7.71
Calle 26,Calle 45,Viernes,5,0,0,142,4,4.67
Calle 45,Calle 26,Miércoles,18,1,1,286,4,6.13
Portal El Dorado,Av. Rojas,Lunes,20,0,0,76,5,4.86
Pepe Sierra,Calle 100,Sábado,7,0,0,237,3,3.85
Centro Memoria,CAD,Domingo,13,0,0,65,4,3.6
Calle 146,Pepe Sierra,Viernes,7,1,0,319,4,6.26
Paloquemao,CAD,Sábado,7,0,0,141,5,5.25
CAD,Av. Rojas,Miércoles,6,1,1,294,6,9.71
CAD,Av. Rojas,Jueves,19,1,0,303,6,8.12
Calle 26,Centro Memoria,Miércoles,18,1,0,290,3,4.14
Tercer Milenio,Av. Jiménez,Lunes,14,0,0,127,3,4.38
Portal El Dorado,Av. Rojas,Sábado,20,0,0,134,5,5.21
Portal El Dorado,Av. Rojas,Miércoles,5,0,0,156,5,5.58
Pepe Sierra,Calle 146,Lunes,13,0,0,136,4,4.51
Paloquemao,Ricaurte,Domingo,13,0,0,202,3,2.85
Pepe Sierra,Calle 100,Viernes,9,1,0,318,3,4.16
De La Sabana,Ricaurte,Miércoles,12,0,0,142,4,3.92
Centro Memoria,CAD,Miércoles,7,1,1,283,4,6.25
Ricaurte,Paloquemao,Martes,20,0,1,159,3,3.91
Pradera,Banderas,Martes,19,1,0,250,6,8.87
Calle 72,Héroes,Sábado,16,0,0,91,3,2.63
Calle 26,Av. Jiménez,Lunes,6,1,0,291,4,5.86
Pradera,Ricaurte,Jueves,22,0,0,217,5,5.72
Pradera,Ricaurte,Martes,21,0,1,64,5,5.43
Toberín,Portal Norte,Domingo,19,0,0,160,4,5.16
Av. Jiménez,De La Sabana,Sábado,6,0,0,56,3,2.33
CAD,Av. Rojas,Domingo,18,0,0,194,6,6.74
Paloquemao,CAD,Miércoles,13,0,0,85,5,5.43
Calle 100,Pepe Sierra,Viernes,17,1,0,194,3,4.34
Calle 45,Calle 26,Viernes,11,0,0,133,4,4.64
Calle 72,Héroes,Lunes,5,0,1,79,3,3.45
Toberín,Portal Norte,Viernes,8,1,0,262,4,6.03
Ricaurte,De La Sabana,Miércoles,13,0,0,84,4,4.0
Portal Norte,Toberín,Lunes,11,0,1,80,4,4.82
CAD,Paloquemao,Lunes,7,1,1,334,5,7.99
Héroes,Calle 100,Domingo,10,0,1,121,5,5.22
Calle 72,Héroes,Jueves,7,1,0,288,3,4.46
Calle 26,Av. Jiménez,Sábado,15,0,0,224,4,4.0
Pepe Sierra,Calle 146,Lunes,17,1,0,358,4,6.51
Calle 146,Toberín,Domingo,13,0,0,131,3,3.9
Pepe Sierra,Calle 146,Martes,17,1,0,314,4,6.18
Centro Memoria,Calle 26,Viernes,18,1,0,297,3,4.98
CAD,Paloquemao,Jueves,13,0,0,163,5,5.16
Pepe Sierra,Calle 146,Sábado,13,0,1,67,4,4.45
Portal Norte,Toberín,Martes,5,0,1,87,4,4.55
Pradera,Ricaurte,Sábado,15,0,1,169,5,5.74
Portal El Dorado,Av. Rojas,Sábado,20,0,0,118,5,5.32
Ricaurte,Pradera,Domingo,7,0,0,153,5,4.48
Toberín,Portal Norte,Sábado,20,0,0,95,4,4.27
CAD,Av. Rojas,Miércoles,15,0,0,168,6,6.31
Pradera,Ricaurte,Sábado,7,0,0,44,5,5.36
De La Sabana,Av. Jiménez,Jueves,14,0,0,94,3,2.67
Héroes,Calle 72,Jueves,11,0,0,95,3,3.07
Ricaurte,Pradera,Sábado,16,0,0,95,5,4.36
CAD,Paloquemao,Martes,9,1,0,335,5,8.1
Portal Norte,Toberín,Viernes,12,0,0,146,4,3.84
Calle 146,Pepe Sierra,Sábado,14,0,0,111,4,4.22
Banderas,Portal Américas,Lunes,6,1,0,323,5,7.82
Av. Jiménez,De La Sabana,Lunes,17,1,0,270,3,4.49
Paloquemao,CAD,Jueves,22,0,0,138,5,5.93
Portal El Dorado,Av. Rojas,Lunes,6,1,0,328,5,7.89
Calle 26,Centro Memoria,Jueves,6,1,0,303,3,5.07
CAD,Paloquemao,Martes,6,1,1,316,5,7.7
Calle 100,Pepe Sierra,Martes,7,1,1,356,3,5.16
Calle 100,Pepe Sierra,Viernes,12,0,0,102,3,2.96
Calle 45,Calle 72,Domingo,17,0,0,131,5,5.51
Av. Rojas,Portal El Dorado,Miércoles,11,0,1,127,5,5.94
Portal El Dorado,Av. Rojas,Lunes,8,1,0,367,5,8.1
Banderas,Pradera,Miércoles,22,0,0,127,6,6.76
Calle 45,Calle 26,Lunes,9,1,0,258,4,6.08
Paloquemao,CAD,Domingo,10,0,0,192,5,5.39
Centro Memoria,Calle 26,Lunes,10,0,1,86,3,3.17
Paloquemao,CAD,Miércoles,18,1,0,256,5,7.08
Calle 26,Centro Memoria,Martes,9,1,0,285,3,3.92
CAD,Centro Memoria,Martes,10,0,0,120,4,4.6
Toberín,Calle 146,Sábado,20,0,0,83,3,3.73
Calle 146,Pepe Sierra,Domingo,14,0,0,140,4,4.69
Portal Norte,Toberín,Martes,8,1,1,273,4,6.69
Pepe Sierra,Calle 100,Domingo,22,0,0,76,3,3.47
Banderas,Portal Américas,Sábado,11,0,0,126,5,5.54
Calle 45,Calle 72,Martes,20,0,0,72,5,4.82
Héroes,Calle 72,Lunes,6,1,0,323,3,4.16
Tercer Milenio,Av. Jiménez,Miércoles,15,0,0,138,3,2.66
Portal Américas,Banderas,Sábado,6,0,1,153,5,5.39
Calle 72,Héroes,Lunes,20,0,0,142,3,3.46
Calle 146,Pepe Sierra,Sábado,19,0,0,92,4,4.42
De La Sabana,Av. Jiménez,Sábado,15,0,0,130,3,2.98
Calle 100,Pepe Sierra,Lunes,12,0,0,79,3,2.33
Calle 45,Calle 72,Martes,7,1,0,313,5,6.91
Centro Memoria,Calle 26,Jueves,9,1,0,303,3,4.4
Paloquemao,Ricaurte,Jueves,16,0,0,147,3,3.1
Calle 72,Calle 45,Miércoles,11,0,0,106,5,5.56
Toberín,Calle 146,Lunes,13,0,0,133,3,3.33
Portal Américas,Banderas,Martes,15,0,0,138,5,4.73
Av. Jiménez,Tercer Milenio,Domingo,10,0,0,150,3,3.47
CAD,Av. Rojas,Lunes,18,1,1,259,6,9.38
Calle 26,Centro Memoria,Martes,20,0,1,118,3,3.42
Av. Jiménez,Calle 26,Jueves,12,0,0,133,4,4.84
Pradera,Banderas,Viernes,9,1,1,343,6,9.2
Toberín,Portal Norte,Lunes,6,1,1,324,4,6.98
CAD,Centro Memoria,Viernes,17,1,0,315,4,6.47
Calle 100,Pepe Sierra,Martes,7,1,0,380,3,5.03
Portal Norte,Toberín,Jueves,11,0,0,129,4,4.68
Tercer Milenio,Av. Jiménez,Lunes,5,0,0,125,3,3.2
Tercer Milenio,Av. Jiménez,Jueves,5,0,1,105,3,4.08
Banderas,Portal Américas,Domingo,17,0,0,87,5,5.83
De La Sabana,Ricaurte,Sábado,5,0,1,139,4,4.12
Pepe Sierra,Calle 146,Sábado,15,0,0,134,4,3.43
Tercer Milenio,Av. Jiménez,Miércoles,22,0,0,145,3,3.57
Calle 72,Calle 45,Lunes,15,0,0,96,5,5.29
Toberín,Calle 146,Sábado,16,0,1,198,3,3.39
Calle 100,Pepe Sierra,Jueves,6,1,0,257,3,5.03
Héroes,Calle 72,Sábado,7,0,0,198,3,3.3
Calle 45,Calle 72,Miércoles,12,0,0,160,5,5.94
CAD,Paloquemao,Domingo,11,0,1,90,5,5.53
Calle 26,Calle 45,Miércoles,21,0,0,169,4,5.01
Av. Jiménez,Calle 26,Miércoles,16,0,0,142,4,3.93
Centro Memoria,CAD,Lunes,20,0,0,199,4,4.19
CAD,Av. Rojas,Jueves,16,0,1,106,6,7.05
Pepe Sierra,Calle 146,Jueves,7,1,0,362,4,6.47
Calle 72,Héroes,Lunes,8,1,0,316,3,4.71
Pepe Sierra,Calle 100,Jueves,9,1,1,301,3,5.02
Centro Memoria,CAD,Lunes,14,0,0,18,4,3.92
CAD,Av. Rojas,Jueves,16,0,0,129,6,5.93
CAD,Paloquemao,Martes,7,1,0,315,5,7.46
Calle 45,Calle 26,Viernes,15,0,0,190,4,5.01
Av. Jiménez,De La Sabana,Domingo,15,0,0,101,3,3.09
Centro Memoria,CAD,Jueves,19,1,0,297,4,5.81
Calle 100,Héroes,Miércoles,10,0,1,127,5,5.51
Calle 26,Calle 45,Miércoles,6,1,0,254,4,6.16
Tercer Milenio,Av. Jiménez,Martes,10,0,0,145,3,2.9
Tercer Milenio,Av. Jiménez,Martes,9,1,0,335,3,4.3
Calle 100,Pepe Sierra,Miércoles,9,1,0,310,3,4.84
Ricaurte,De La Sabana,Viernes,6,1,0,298,4,6.18
Ricaurte,De La Sabana,Jueves,22,0,1,99,4,4.52
Av. Rojas,CAD,Lunes,17,1,1,291,6,9.27
Calle 100,Héroes,Miércoles,9,1,0,292,5,6.86
CAD,Av. Rojas,Miércoles,14,0,0,100,6,6.19
Av. Jiménez,Tercer Milenio,Domingo,9,0,1,109,3,3.37
Portal Américas,Banderas,Lunes,20,0,1,117,5,5.98
Calle 100,Héroes,Lunes,14,0,0,154,5,5.13
Ricaurte,Paloquemao,Jueves,16,0,0,71,3,2.69
Toberín,Calle 146,Martes,21,0,0,100,3,3.01
Av. Jiménez,Calle 26,Lunes,22,0,1,89,4,4.06
Calle 146,Pepe Sierra,Jueves,11,0,0,101,4,4.27
Ricaurte,Paloquemao,Lunes,16,0,0,143,3,2.99
Banderas,Pradera,Miércoles,5,0,0,103,6,5.94
Ricaurte,De La Sabana,Jueves,22,0,0,118,4,3.9
Banderas,Portal Américas,Jueves,19,1,0,322,5,6.84
Pradera,Banderas,Jueves,9,1,1,285,6,9.68
Paloquemao,Ricaurte,Martes,14,0,0,127,3,4.27
Centro Memoria,CAD,Lunes,17,1,0,313,4,5.62
Pradera,Banderas,Miércoles,18,1,0,296,6,8.28
Banderas,Portal Américas,Domingo,9,0,0,116,5,4.96
Pradera,Ricaurte,Jueves,6,1,1,336,5,7.87
Av. Jiménez,Tercer Milenio,Miércoles,20,0,0,115,3,2.92
Portal Américas,Banderas,Domingo,5,0,0,189,5,5.34
Av. Jiménez,Tercer Milenio,Domingo,20,0,0,193,3,3.62
Tercer Milenio,Av. Jiménez,Jueves,12,0,0,139,3,3.36
Av. Jiménez,Calle 26,Lunes,16,0,0,135,4,3.5
Portal El Dorado,Av. Rojas,Miércoles,20,0,1,108,5,6.11
Calle 100,Pepe Sierra,Sábado,5,0,1,118,3,2.91
Héroes,Calle 72,Martes,15,0,0,117,3,3.86
Héroes,Calle 100,Lunes,13,0,0,169,5,5.4
Paloquemao,CAD,Miércoles,6,1,0,338,5,7.45
Centro Memoria,CAD,Lunes,21,0,0,51,4,3.73
CAD,Paloquemao,Lunes,10,0,0,182,5,5.35
Av. Jiménez,De La Sabana,Sábado,14,0,0,110,3,3.05
Ricaurte,De La Sabana,Viernes,16,0,1,196,4,5.44
Toberín,Portal Norte,Miércoles,16,0,1,208,4,4.75
Banderas,Pradera,Martes,8,1,0,311,6,8.43
CAD,Centro Memoria,Martes,22,0,0,179,4,3.89
Centro Memoria,CAD,Sábado,22,0,0,128,4,3.82
Calle 100,Pepe Sierra,Lunes,8,1,1,276,3,4.43
Toberín,Portal Norte,Miércoles,16,0,0,95,4,3.97
Banderas,Portal Américas,Viernes,21,0,1,98,5,6.08
De La Sabana,Av. Jiménez,Miércoles,5,0,0,75,3,3.2
Calle 100,Pepe Sierra,Domingo,9,0,0,168,3,3.05
Tercer Milenio,Av. Jiménez,Martes,7,1,0,271,3,4.36
Calle 100,Pepe Sierra,Domingo,20,0,1,167,3,3.63
Calle 146,Toberín,Lunes,21,0,0,98,3,3.34
Centro Memoria,Calle 26,Miércoles,6,1,0,255,3,4.71
Portal Norte,Toberín,Domingo,8,0,1,136,4,4.55
Calle 72,Calle 45,Martes,10,0,0,86,5,4.86
Toberín,Portal Norte,Domingo,13,0,1,141,4,5.17
Ricaurte,De La Sabana,Domingo,21,0,1,94,4,4.77
Paloquemao,Ricaurte,Viernes,7,1,0,216,3,4.14
Av. Rojas,Portal El Dorado,Viernes,11,0,0,118,5,4.93
Tercer Milenio,Av. Jiménez,Domingo,22,0,0,82,3,2.86
Pepe Sierra,Calle 100,Viernes,20,0,0,131,3,3.12
Portal El Dorado,Av. Rojas,Sábado,8,0,0,30,5,4.23
De La Sabana,Ricaurte,Jueves,11,0,0,95,4,4.37
Banderas,Pradera,Miércoles,8,1,0,190,6,8.47
CAD,Centro Memoria,Domingo,16,0,0,98,4,4.75
CAD,Av. Rojas,Lunes,15,0,0,104,6,6.47
Pradera,Ricaurte,Viernes,14,0,0,125,5,4.46
Portal Américas,Banderas,Jueves,14,0,1,150,5,5.96
Banderas,Pradera,Lunes,20,0,1,140,6,8.59
Ricaurte,De La Sabana,Sábado,20,0,0,36,4,4.76
Pradera,Ricaurte,Sábado,7,0,0,108,5,5.38
Pradera,Ricaurte,Viernes,8,1,0,298,5,7.33
Calle 72,Héroes,Martes,15,0,0,97,3,3.28
Pradera,Ricaurte,Domingo,18,0,0,59,5,5.45
Calle 26,Av. Jiménez,Domingo,13,0,1,103,4,4.15
Paloquemao,CAD,Miércoles,20,0,0,101,5,5.76
Ricaurte,Pradera,Viernes,13,0,0,98,5,5.39
Portal Américas,Banderas,Miércoles,20,0,0,90,5,5.53
Paloquemao,CAD,Lunes,8,1,0,327,5,8.31
Pepe Sierra,Calle 146,Lunes,10,0,0,112,4,4.49
De La Sabana,Av. Jiménez,Viernes,8,1,1,303,3,5.32
Centro Memoria,CAD,Domingo,19,0,0,91,4,4.48
Centro Memoria,Calle 26,Miércoles,22,0,0,112,3,3.14
CAD,Av. Rojas,Domingo,6,0,1,123,6,7.07
Calle 100,Pepe Sierra,Miércoles,17,1,0,295,3,4.58
Calle 146,Toberín,Viernes,14,0,1,183,3,3.97
Calle 72,Héroes,Martes,14,0,0,154,3,3.05
Calle 26,Centro Memoria,Viernes,20,0,0,84,3,3.51
CAD,Av. Rojas,Jueves,22,0,1,155,6,7.65
CAD,Centro Memoria,Miércoles,20,0,0,95,4,4.1
Ricaurte,Pradera,Miércoles,14,0,0,54,5,4.98
Portal Norte,Toberín,Martes,16,0,0,159,4,4.13
Portal El Dorado,Av. Rojas,Sábado,15,0,0,145,5,5.29
Banderas,Pradera,Miércoles,18,1,0,312,6,8.58
Calle 26,Calle 45,Sábado,14,0,0,123,4,3.05
Calle 146,Pepe Sierra,Lunes,15,0,0,112,4,3.57
Av. Rojas,CAD,Jueves,18,1,0,348,6,9.45
Banderas,Pradera,Sábado,20,0,0,138,6,7.02
De La Sabana,Av. Jiménez,Jueves,15,0,0,82,3,3.82
Centro Memoria,Calle 26,Sábado,11,0,0,157,3,3.14
Centro Memoria,CAD,Sábado,15,0,0,165,4,3.89
Tercer Milenio,Av. Jiménez,Jueves,11,0,0,87,3,2.89
Calle 146,Pepe Sierra,Viernes,11,0,0,98,4,3.77
Calle 146,Toberín,Viernes,17,1,1,348,3,4.77
Ricaurte,Paloquemao,Lunes,8,1,0,314,3,4.29
Av. Jiménez,Calle 26,Domingo,21,0,0,47,4,4.2
Calle 45,Calle 72,Lunes,14,0,0,43,5,5.08
Tercer Milenio,Av. Jiménez,Viernes,15,0,0,65,3,3.89
Pradera,Ricaurte,Viernes,19,1,0,336,5,7.63
Av. Rojas,CAD,Lunes,21,0,1,170,6,6.77
Portal El Dorado,Av. Rojas,Sábado,19,0,0,141,5,5.43
Paloquemao,CAD,Viernes,18,1,1,310,5,8.53
CAD,Paloquemao,Martes,16,0,0,149,5,5.49
Calle 26,Calle 45,Sábado,14,0,1,53,4,4.12
Banderas,Pradera,Domingo,7,0,0,115,6,6.38
Banderas,Pradera,Miércoles,10,0,0,74,6,7.19
Paloquemao,Ricaurte,Martes,8,1,0,360,3,4.83
Toberín,Portal Norte,Domingo,14,0,0,122,4,4.16
CAD,Av. Rojas,Jueves,6,1,0,261,6,8.91
Av. Jiménez,Calle 26,Miércoles,13,0,0,130,4,3.76
Héroes,Calle 72,Lunes,20,0,1,133,3,3.44
Toberín,Calle 146,Lunes,15,0,0,43,3,2.72
Calle 146,Pepe Sierra,Jueves,16,0,0,103,4,4.96
Pepe Sierra,Calle 146,Domingo,9,0,0,142,4,3.75
Av. Rojas,Portal El Dorado,Lunes,21,0,0,139,5,4.73
Av. Rojas,Portal El Dorado,Viernes,13,0,0,163,5,5.22
Pepe Sierra,Calle 146,Lunes,15,0,0,116,4,4.76
Av. Rojas,Portal El Dorado,Domingo,12,0,1,68,5,5.11
Calle 45,Calle 72,Martes,11,0,1,96,5,6.16
Portal Américas,Banderas,Domingo,6,0,0,59,5,4.01
De La Sabana,Ricaurte,Lunes,15,0,0,101,4,4.42
Calle 26,Centro Memoria,Miércoles,9,1,0,348,3,4.39
De La Sabana,Ricaurte,Lunes,6,1,1,283,4,6.83
Toberín,Calle 146,Domingo,12,0,0,45,3,2.91
Pradera,Ricaurte,Sábado,16,0,1,127,5,6.0
Pepe Sierra,Calle 100,Martes,19,1,0,279,3,4.48
Ricaurte,Pradera,Miércoles,14,0,0,20,5,4.79
Calle 26,Calle 45,Domingo,10,0,1,138,4,4.28
CAD,Paloquemao,Domingo,18,0,1,122,5,5.98
Calle 26,Av. Jiménez,Domingo,20,0,0,106,4,4.28
Pradera,Banderas,Miércoles,18,1,1,261,6,9.4
Pepe Sierra,Calle 100,Sábado,13,0,0,144,3,3.28
Ricaurte,De La Sabana,Sábado,22,0,0,96,4,4.28
Banderas,Portal Américas,Domingo,6,0,0,148,5,4.55
Héroes,Calle 72,Domingo,9,0,0,166,3,3.11
Calle 72,Calle 45,Miércoles,7,1,0,317,5,8.02
Calle 45,Calle 26,Domingo,9,0,1,65,4,4.25
Pradera,Banderas,Miércoles,19,1,0,288,6,8.65
Héroes,Calle 100,Sábado,15,0,1,189,5,5.63
Calle 45,Calle 72,Miércoles,10,0,0,97,5,5.32
Ricaurte,Pradera,Viernes,12,0,0,71,5,5.02
Portal Norte,Toberín,Sábado,12,0,1,132,4,4.53
Portal Américas,Banderas,Sábado,10,0,0,116,5,5.08
Paloquemao,Ricaurte,Miércoles,9,1,0,239,3,4.54
Ricaurte,De La Sabana,Viernes,8,1,0,370,4,6.15
CAD,Centro Memoria,Jueves,20,0,0,129,4,4.54
Calle 45,Calle 72,Domingo,13,0,0,69,5,5.85
Centro Memoria,Calle 26,Jueves,11,0,0,128,3,3.84
Av. Jiménez,Tercer Milenio,Martes,18,1,0,270,3,5.18
Héroes,Calle 100,Miércoles,12,0,0,151,5,5.6
Calle 26,Calle 45,Sábado,19,0,0,129,4,4.16
Centro Memoria,Calle 26,Miércoles,17,1,0,348,3,4.63
Ricaurte,Pradera,Sábado,13,0,0,41,5,4.66
Av. Rojas,CAD,Miércoles,12,0,0,112,6,6.46
De La Sabana,Ricaurte,Sábado,6,0,0,117,4,4.72
Centro Memoria,CAD,Miércoles,17,1,0,221,4,5.9
Calle 100,Héroes,Viernes,6,1,0,227,5,7.62
Av. Jiménez,Calle 26,Jueves,15,0,1,116,4,4.8
Héroes,Calle 100,Sábado,21,0,0,85,5,5.72
Av. Jiménez,Calle 26,Lunes,9,1,0,341,4,6.32
Calle 26,Av. Jiménez,Jueves,14,0,1,114,4,4.86
Calle 26,Av. Jiménez,Domingo,13,0,0,91,4,4.52
Pradera,Banderas,Miércoles,20,0,1,185,6,7.58
Calle 100,Héroes,Sábado,19,0,0,90,5,5.37
Héroes,Calle 100,Martes,6,1,0,248,5,7.6
Héroes,Calle 72,Jueves,8,1,1,318,3,4.08
Centro Memoria,Calle 26,Miércoles,22,0,0,73,3,3.0
Centro Memoria,Calle 26,Sábado,9,0,0,107,3,2.68
Pepe Sierra,Calle 146,Miércoles,10,0,1,135,4,4.77
Centro Memoria,CAD,Viernes,11,0,0,112,4,3.92
Portal Norte,Toberín,Viernes,10,0,0,161,4,4.98
Pepe Sierra,Calle 146,Jueves,8,1,1,280,4,6.12
Toberín,Portal Norte,Sábado,8,0,0,139,4,4.13
Av. Rojas,Portal El Dorado,Lunes,15,0,0,114,5,5.58
Pepe Sierra,Calle 146,Sábado,20,0,0,43,4,4.61
Calle 26,Av. Jiménez,Lunes,15,0,1,122,4,4.48
Paloquemao,CAD,Jueves,15,0,1,116,5,5.77
Portal El Dorado,Av. Rojas,Domingo,6,0,1,50,5,6.22
Tercer Milenio,Av. Jiménez,Lunes,7,1,0,301,3,4.68
Paloquemao,Ricaurte,Jueves,13,0,0,158,3,2.83
Pradera,Ricaurte,Domingo,11,0,0,138,5,5.24
Pradera,Ricaurte,Domingo,9,0,0,153,5,4.53
Calle 26,Centro Memoria,Sábado,14,0,1,116,3,3.23
Paloquemao,Ricaurte,Sábado,8,0,1,137,3,3.69
CAD,Centro Memoria,Jueves,17,1,0,271,4,5.66
Av. Rojas,Portal El Dorado,Lunes,18,1,1,295,5,7.63
Paloquemao,Ricaurte,Sábado,18,0,0,153,3,3.08
CAD,Centro Memoria,Jueves,12,0,0,10,4,3.87
Calle 100,Héroes,Viernes,21,0,0,78,5,4.54
Portal Américas,Banderas,Domingo,20,0,0,70,5,5.22
Calle 100,Héroes,Miércoles,12,0,0,173,5,5.56
Av. Jiménez,Tercer Milenio,Viernes,7,1,1,275,3,4.94
CAD,Centro Memoria,Jueves,18,1,0,281,4,5.68
Av. Rojas,Portal El Dorado,Miércoles,13,0,0,73,5,4.48
CAD,Centro Memoria,Sábado,19,0,0,104,4,4.27
Héroes,Calle 72,Lunes,7,1,0,296,3,4.33
Tercer Milenio,Av. Jiménez,Sábado,19,0,1,82,3,3.67
Banderas,Portal Américas,Miércoles,15,0,1,67,5,5.98
Calle 72,Héroes,Lunes,13,0,1,79,3,3.12
Calle 100,Pepe Sierra,Lunes,5,0,0,61,3,2.89
Toberín,Portal Norte,Jueves,19,1,0,339,4,6.28
Ricaurte,Paloquemao,Miércoles,16,0,0,159,3,3.45
Ricaurte,Pradera,Lunes,9,1,0,255,5,7.26
Calle 45,Calle 72,Lunes,11,0,1,88,5,6.25
Calle 45,Calle 72,Martes,12,0,0,72,5,5.54
Paloquemao,CAD,Viernes,11,0,0,155,5,6.12
Portal Américas,Banderas,Jueves,5,0,0,103,5,5.54
Calle 100,Héroes,Jueves,20,0,0,211,5,5.28
Banderas,Portal Américas,Martes,14,0,0,58,5,4.39
Pradera,Ricaurte,Lunes,8,1,0,328,5,6.82
Pradera,Banderas,Domingo,20,0,0,105,6,6.49
Ricaurte,Paloquemao,Miércoles,6,1,0,307,3,4.68
Calle 26,Centro Memoria,Sábado,20,0,0,128,3,3.7
Toberín,Calle 146,Jueves,15,0,0,81,3,2.85
Calle 26,Av. Jiménez,Jueves,20,0,0,89,4,4.51
Ricaurte,Paloquemao,Miércoles,19,1,0,336,3,4.73
Toberín,Portal Norte,Sábado,11,0,0,167,4,3.86
Portal Américas,Banderas,Martes,15,0,1,186,5,6.57
Portal Américas,Banderas,Miércoles,17,1,1,329,5,8.79
Paloquemao,CAD,Domingo,20,0,1,53,5,5.42
Héroes,Calle 72,Miércoles,7,1,0,270,3,4.74
Héroes,Calle 100,Martes,20,0,0,77,5,5.5
Pradera,Banderas,Jueves,14,0,0,174,6,6.8
Av. Rojas,CAD,Lunes,16,0,1,131,6,6.6
De La Sabana,Ricaurte,Martes,21,0,0,86,4,4.67
Pepe Sierra,Calle 146,Lunes,12,0,0,151,4,4.29
Calle 26,Calle 45,Miércoles,16,0,1,103,4,3.8
Av. Rojas,CAD,Martes,21,0,0,77,6,7.0
Pepe Sierra,Calle 100,Jueves,19,1,1,248,3,4.8
Pepe Sierra,Calle 100,Domingo,8,0,1,160,3,3.04
Toberín,Calle 146,Martes,8,1,1,307,3,5.19
Ricaurte,De La Sabana,Miércoles,19,1,1,300,4,7.55
Calle 26,Centro Memoria,Lunes,9,1,0,233,3,4.82
Av. Jiménez,De La Sabana,Lunes,11,0,0,113,3,3.48
Pradera,Banderas,Lunes,12,0,1,137,6,6.72
Centro Memoria,Calle 26,Viernes,10,0,0,129,3,2.45
De La Sabana,Ricaurte,Jueves,16,0,0,144,4,4.41
Calle 26,Calle 45,Domingo,21,0,0,145,4,4.71
Calle 26,Calle 45,Jueves,18,1,1,314,4,6.49
Banderas,Portal Américas,Viernes,16,0,1,84,5,5.43
Portal Américas,Banderas,Lunes,21,0,1,167,5,6.49
Pepe Sierra,Calle 146,Jueves,10,0,0,110,4,4.24
Ricaurte,Pradera,Sábado,9,0,1,83,5,6.18
Toberín,Calle 146,Sábado,21,0,1,146,3,4.3
Banderas,Pradera,Sábado,22,0,1,84,6,6.7
Av. Jiménez,De La Sabana,Lunes,13,0,1,129,3,3.75
Ricaurte,Paloquemao,Sábado,17,0,0,111,3,2.82
Calle 72,Calle 45,Viernes,19,1,0,335,5,7.88
CAD,Paloquemao,Martes,14,0,0,83,5,5.75
Av. Rojas,CAD,Sábado,9,0,0,166,6,6.55
Av. Rojas,CAD,Lunes,21,0,0,123,6,6.59
CAD,Centro Memoria,Sábado,10,0,0,85,4,4.18
CAD,Av. Rojas,Martes,14,0,0,33,6,6.45
CAD,Centro Memoria,Lunes,16,0,0,57,4,4.72
CAD,Centro Memoria,Lunes,8,1,0,286,4,5.89
Av. Rojas,Portal El Dorado,Jueves,15,0,1,94,5,5.62
Av. Rojas,Portal El Dorado,Sábado,22,0,1,176,5,4.94
Calle 26,Calle 45,Miércoles,9,1,0,351,4,6.24
Centro Memoria,CAD,Lunes,15,0,0,71,4,3.71
Calle 72,Calle 45,Miércoles,19,1,0,367,5,7.29
Pradera,Banderas,Lunes,7,1,0,253,6,9.31
Héroes,Calle 100,Jueves,7,1,0,313,5,7.16
CAD,Centro Memoria,Viernes,21,0,1,128,4,4.25
Calle 26,Av. Jiménez,Sábado,18,0,1,164,4,5.15
Calle 26,Centro Memoria,Jueves,10,0,0,141,3,3.36
Héroes,Calle 100,Jueves,9,1,1,370,5,8.17
Centro Memoria,CAD,Lunes,11,0,0,72,4,4.32
Toberín,Calle 146,Viernes,16,0,1,203,3,3.2
Pepe Sierra,Calle 100,Jueves,8,1,0,285,3,4.64
Portal El Dorado,Av. Rojas,Viernes,9,1,0,297,5,7.1
Av. Jiménez,Tercer Milenio,Miércoles,14,0,0,164,3,4.17
Héroes,Calle 100,Viernes,18,1,0,307,5,7.16
Av. Jiménez,Tercer Milenio,Martes,10,0,1,58,3,3.49
Centro Memoria,Calle 26,Viernes,16,0,0,164,3,3.44
Calle 146,Toberín,Viernes,14,0,0,119,3,2.94
Av. Jiménez,De La Sabana,Jueves,9,1,1,256,3,5.07
Centro Memoria,CAD,Domingo,19,0,0,156,4,3.69
Calle 100,Héroes,Miércoles,7,1,1,363,5,8.39
Paloquemao,Ricaurte,Martes,17,1,0,355,3,4.05
Toberín,Calle 146,Jueves,13,0,0,65,3,3.04
Héroes,Calle 72,Viernes,14,0,0,140,3,3.93
Pepe Sierra,Calle 100,Lunes,11,0,1,148,3,3.42
CAD,Av. Rojas,Lunes,21,0,0,78,6,6.73
Calle 26,Centro Memoria,Lunes,8,1,0,261,3,5.09
Av. Rojas,CAD,Lunes,13,0,1,108,6,7.56
Calle 45,Calle 26,Domingo,19,0,0,147,4,4.24
CAD,Av. Rojas,Jueves,6,1,0,279,6,8.8
Toberín,Portal Norte,Martes,18,1,0,317,4,6.06
CAD,Centro Memoria,Miércoles,7,1,0,276,4,5.89
Pepe Sierra,Calle 100,Miércoles,9,1,0,303,3,3.65
Pepe Sierra,Calle 146,Jueves,10,0,0,138,4,3.88
De La Sabana,Av. Jiménez,Sábado,6,0,0,73,3,2.43
Calle 100,Pepe Sierra,Jueves,15,0,0,48,3,2.53
Calle 100,Pepe Sierra,Martes,12,0,0,91,3,3.92
CAD,Centro Memoria,Lunes,13,0,0,98,4,4.27
Banderas,Portal Américas,Lunes,20,0,0,136,5,5.39
CAD,Paloquemao,Lunes,13,0,0,116,5,4.81
Av. Rojas,Portal El Dorado,Martes,22,0,0,178,5,6.17
Héroes,Calle 100,Jueves,19,1,0,232,5,6.92
Paloquemao,CAD,Domingo,9,0,0,108,5,4.88
Héroes,Calle 72,Viernes,18,1,1,320,3,4.54
Av. Rojas,CAD,Lunes,19,1,1,386,6,10.33
Paloquemao,Ricaurte,Martes,5,0,0,128,3,3.6
Centro Memoria,Calle 26,Miércoles,17,1,1,344,3,4.64
CAD,Paloquemao,Domingo,21,0,0,87,5,5.25
Héroes,Calle 72,Viernes,7,1,0,334,3,4.61
Ricaurte,Pradera,Domingo,9,0,0,56,5,4.82
Calle 26,Av. Jiménez,Martes,21,0,1,117,4,4.6
Av. Jiménez,De La Sabana,Miércoles,13,0,1,198,3,3.04
Portal Américas,Banderas,Sábado,15,0,0,140,5,5.95
Banderas,Portal Américas,Miércoles,5,0,1,210,5,5.86
Calle 100,Héroes,Lunes,20,0,0,139,5,5.58
Portal Norte,Toberín,Jueves,22,0,1,127,4,4.61
Calle 26,Centro Memoria,Viernes,7,1,1,317,3,3.81
Paloquemao,CAD,Viernes,5,0,1,147,5,5.92
Banderas,Portal Américas,Miércoles,17,1,1,291,5,8.8
Ricaurte,De La Sabana,Domingo,5,0,0,93,4,4.02
De La Sabana,Ricaurte,Jueves,5,0,0,199,4,4.07
Portal Norte,Toberín,Sábado,16,0,0,97,4,4.14
Ricaurte,Paloquemao,Domingo,12,0,0,153,3,3.31
Calle 26,Centro Memoria,Lunes,13,0,0,68,3,2.89
Paloquemao,Ricaurte,Martes,17,1,0,275,3,4.43
Calle 26,Av. Jiménez,Jueves,10,0,0,137,4,4.44
Av. Rojas,Portal El Dorado,Viernes,10,0,0,48,5,5.55
Calle 100,Héroes,Martes,13,0,1,130,5,6.38
Calle 45,Calle 26,Sábado,13,0,0,137,4,4.71
Portal Norte,Toberín,Sábado,22,0,0,138,4,4.81
CAD,Av. Rojas,Lunes,18,1,0,320,6,9.02
CAD,Paloquemao,Miércoles,18,1,1,390,5,8.58
Banderas,Pradera,Sábado,21,0,0,142,6,5.92
De La Sabana,Ricaurte,Lunes,12,0,0,68,4,4.25
Pradera,Banderas,Miércoles,5,0,0,125,6,6.13
De La Sabana,Av. Jiménez,Viernes,5,0,1,125,3,4.12
Calle 45,Calle 26,Jueves,7,1,1,327,4,6.0
Calle 45,Calle 72,Miércoles,7,1,0,295,5,7.17
Calle 100,Pepe Sierra,Jueves,5,0,0,104,3,2.99
Paloquemao,CAD,Domingo,13,0,0,100,5,4.75
Centro Memoria,Calle 26,Miércoles,6,1,1,294,3,4.57
Centro Memoria,CAD,Lunes,19,1,1,182,4,6.99
CAD,Paloquemao,Lunes,7,1,1,343,5,7.96
Calle 146,Toberín,Domingo,7,0,1,120,3,3.01
Toberín,Calle 146,Jueves,6,1,0,367,3,5.36
CAD,Paloquemao,Lunes,6,1,0,306,5,7.92
Av. Jiménez,Tercer Milenio,Jueves,8,1,0,307,3,3.98
Banderas,Pradera,Viernes,5,0,0,103,6,6.36
Banderas,Portal Américas,Viernes,8,1,0,281,5,7.37
Toberín,Portal Norte,Miércoles,11,0,0,116,4,4.2
Portal Norte,Toberín,Lunes,11,0,1,122,4,4.22
Calle 100,Héroes,Miércoles,16,0,0,91,5,4.71
Paloquemao,Ricaurte,Martes,9,1,1,339,3,4.02
Calle 146,Toberín,Viernes,18,1,0,346,3,5.12
Paloquemao,CAD,Miércoles,22,0,1,107,5,4.73
Héroes,Calle 100,Viernes,15,0,0,105,5,5.24
Portal Norte,Toberín,Sábado,9,0,0,79,4,3.95
Centro Memoria,CAD,Viernes,6,1,0,361,4,6.39
Calle 72,Calle 45,Sábado,11,0,1,83,5,5.07
De La Sabana,Av. Jiménez,Jueves,19,1,0,286,3,4.39
Av. Jiménez,De La Sabana,Viernes,15,0,0,139,3,2.99
Banderas,Pradera,Lunes,19,1,1,320,6,10.43
Calle 146,Toberín,Lunes,12,0,0,152,3,3.21
Banderas,Portal Américas,Martes,20,0,0,112,5,5.14
Av. Jiménez,De La Sabana,Jueves,11,0,0,167,3,3.0
Toberín,Portal Norte,Lunes,16,0,0,121,4,4.26
Calle 100,Pepe Sierra,Jueves,11,0,0,99,3,2.6
Ricaurte,De La Sabana,Lunes,11,0,0,132,4,4.24
Calle 72,Héroes,Miércoles,10,0,0,140,3,3.0
Av. Rojas,CAD,Martes,5,0,0,168,6,6.15
Calle 26,Av. Jiménez,Lunes,9,1,0,368,4,5.44
Calle 100,Pepe Sierra,Martes,14,0,0,137,3,3.4
De La Sabana,Ricaurte,Sábado,10,0,1,88,4,4.75
Ricaurte,Paloquemao,Sábado,7,0,0,171,3,2.37
Calle 100,Héroes,Martes,22,0,0,140,5,4.35
Ricaurte,De La Sabana,Jueves,12,0,1,81,4,5.21
Ricaurte,Paloquemao,Domingo,22,0,0,96,3,2.67
Héroes,Calle 100,Lunes,13,0,1,112,5,6.61
Centro Memoria,CAD,Jueves,11,0,0,46,4,3.67
Calle 26,Centro Memoria,Viernes,7,1,0,359,3,5.33
Ricaurte,Pradera,Sábado,21,0,0,115,5,4.79
CAD,Centro Memoria,Miércoles,16,0,0,203,4,5.04
Calle 26,Centro Memoria,Jueves,20,0,0,147,3,2.9
Ricaurte,Pradera,Domingo,6,0,0,118,5,5.23
Calle 45,Calle 72,Martes,17,1,0,313,5,8.11
Pradera,Banderas,Viernes,10,0,1,155,6,6.63
Ricaurte,De La Sabana,Lunes,9,1,1,355,4,6.64
Tercer Milenio,Av. Jiménez,Miércoles,12,0,0,147,3,3.81
Banderas,Portal Américas,Miércoles,18,1,0,255,5,7.37
Banderas,Pradera,Domingo,20,0,0,98,6,5.67
Pradera,Ricaurte,Jueves,12,0,0,133,5,6.34
Pepe Sierra,Calle 146,Lunes,14,0,1,46,4,4.48
Centro Memoria,CAD,Lunes,13,0,1,145,4,4.74
Calle 100,Pepe Sierra,Miércoles,6,1,0,295,3,3.97
De La Sabana,Av. Jiménez,Miércoles,13,0,0,129,3,2.89
Av. Jiménez,Calle 26,Viernes,9,1,1,212,4,6.7
CAD,Av. Rojas,Lunes,14,0,0,158,6,6.49
De La Sabana,Ricaurte,Jueves,17,1,1,309,4,6.85
CAD,Paloquemao,Sábado,21,0,1,128,5,6.18
Calle 100,Héroes,Martes,12,0,0,108,5,5.79
Calle 45,Calle 72,Viernes,22,0,1,132,5,5.91
Portal Américas,Banderas,Lunes,15,0,1,69,5,5.79
Pradera,Banderas,Sábado,18,0,0,86,6,6.0
Banderas,Portal Américas,Lunes,16,0,0,87,5,4.79
Héroes,Calle 100,Sábado,5,0,0,204,5,6.04
Ricaurte,De La Sabana,Jueves,18,1,0,376,4,5.66
Ricaurte,Pradera,Sábado,22,0,0,122,5,4.79
Portal El Dorado,Av. Rojas,Domingo,6,0,1,92,5,5.36
Calle 100,Héroes,Miércoles,17,1,1,349,5,7.96
Calle 72,Calle 45,Lunes,22,0,0,162,5,5.65
Centro Memoria,Calle 26,Viernes,19,1,0,392,3,4.05
Tercer Milenio,Av. Jiménez,Lunes,22,0,0,170,3,3.71
Paloquemao,Ricaurte,Martes,11,0,0,81,3,3.52
Pradera,Ricaurte,Martes,14,0,0,133,5,5.24
Pepe Sierra,Calle 146,Miércoles,21,0,0,87,4,3.89
Av. Jiménez,De La Sabana,Jueves,17,1,0,381,3,4.62
Calle 100,Pepe Sierra,Jueves,20,0,0,151,3,2.91
Ricaurte,Pradera,Domingo,11,0,0,88,5,5.65
Calle 45,Calle 72,Domingo,20,0,0,66,5,5.0
Av. Rojas,Portal El Dorado,Viernes,11,0,0,121,5,5.35
Portal Américas,Banderas,Lunes,9,1,0,292,5,7.64
Ricaurte,Pradera,Martes,21,0,0,147,5,5.66
Av. Rojas,Portal El Dorado,Jueves,19,1,0,260,5,7.29
Pepe Sierra,Calle 146,Jueves,16,0,0,167,4,4.69
Tercer Milenio,Av. Jiménez,Domingo,10,0,0,65,3,3.24
Héroes,Calle 72,Sábado,18,0,0,40,3,3.08
Héroes,Calle 72,Lunes,17,1,0,375,3,4.23
Calle 146,Toberín,Domingo,10,0,0,86,3,3.43
Paloquemao,CAD,Sábado,7,0,0,58,5,4.89
Calle 72,Calle 45,Jueves,22,0,0,143,5,5.1
Ricaurte,De La Sabana,Lunes,21,0,1,110,4,4.92
De La Sabana,Av. Jiménez,Martes,13,0,0,136,3,3.31
Calle 146,Toberín,Lunes,19,1,0,286,3,4.63
Ricaurte,Pradera,Jueves,6,1,0,295,5,7.67
Pepe Sierra,Calle 100,Martes,15,0,0,100,3,3.08
Portal Américas,Banderas,Lunes,7,1,0,260,5,7.39
Calle 45,Calle 26,Jueves,9,1,0,267,4,5.49
Calle 26,Av. Jiménez,Martes,5,0,0,130,4,4.35
Calle 72,Héroes,Viernes,17,1,0,331,3,4.37
Portal Norte,Toberín,Martes,19,1,0,316,4,6.25
Calle 72,Calle 45,Sábado,22,0,0,137,5,5.01
Toberín,Calle 146,Domingo,21,0,0,125,3,3.33
Calle 100,Pepe Sierra,Miércoles,19,1,0,300,3,3.67
Toberín,Portal Norte,Jueves,11,0,1,126,4,5.54
De La Sabana,Ricaurte,Martes,7,1,0,285,4,5.68
Portal Norte,Toberín,Miércoles,11,0,0,134,4,4.39
Pepe Sierra,Calle 146,Lunes,10,0,0,167,4,3.83
Calle 146,Toberín,Lunes,15,0,0,149,3,3.46
CAD,Paloquemao,Martes,22,0,0,114,5,5.42
Banderas,Pradera,Martes,8,1,0,341,6,9.47
Calle 72,Héroes,Sábado,15,0,0,74,3,3.44
Calle 45,Calle 72,Lunes,13,0,0,117,5,5.32
Ricaurte,De La Sabana,Martes,18,1,0,302,4,5.94
Paloquemao,Ricaurte,Lunes,22,0,1,167,3,3.52
Portal El Dorado,Av. Rojas,Lunes,15,0,1,75,5,5.53
Ricaurte,Pradera,Domingo,9,0,0,127,5,5.81
Paloquemao,CAD,Sábado,15,0,1,144,5,5.52
Centro Memoria,Calle 26,Lunes,19,1,0,399,3,4.75
Paloquemao,CAD,Viernes,5,0,0,171,5,5.37
Ricaurte,Paloquemao,Lunes,14,0,0,141,3,3.55
Pradera,Banderas,Viernes,7,1,0,348,6,9.57
Ricaurte,De La Sabana,Martes,9,1,0,334,4,5.94
CAD,Paloquemao,Sábado,19,0,0,97,5,5.38
De La Sabana,Av. Jiménez,Miércoles,6,1,0,337,3,4.47
Pradera,Banderas,Miércoles,5,0,0,162,6,7.07
De La Sabana,Av. Jiménez,Martes,22,0,0,83,3,2.79
Calle 45,Calle 26,Sábado,12,0,0,114,4,4.35
Ricaurte,Pradera,Martes,19,1,0,279,5,7.99
Calle 146,Pepe Sierra,Lunes,11,0,0,136,4,4.29
Calle 100,Héroes,Martes,7,1,0,242,5,6.83
CAD,Av. Rojas,Martes,12,0,0,131,6,5.54
Pradera,Banderas,Miércoles,10,0,0,160,6,6.42
Calle 26,Calle 45,Viernes,12,0,0,249,4,5.42
Portal El Dorado,Av. Rojas,Sábado,11,0,0,112,5,5.24
Centro Memoria,Calle 26,Miércoles,17,1,0,339,3,5.24
Centro Memoria,Calle 26,Viernes,18,1,1,234,3,3.99
Centro Memoria,Calle 26,Jueves,18,1,1,275,3,5.0
Av. Jiménez,Tercer Milenio,Martes,22,0,0,139,3,3.64
Av. Jiménez,Calle 26,Miércoles,19,1,0,252,4,4.98
CAD,Av. Rojas,Lunes,15,0,0,154,6,6.13
Centro Memoria,Calle 26,Martes,5,0,0,39,3,3.12
Centro Memoria,CAD,Miércoles,20,0,0,151,4,4.25
Pradera,Banderas,Sábado,16,0,0,101,6,6.24
Av. Jiménez,Tercer Milenio,Viernes,7,1,0,285,3,3.94
Toberín,Calle 146,Lunes,17,1,1,271,3,4.97
Calle 72,Héroes,Jueves,13,0,1,132,3,3.57
De La Sabana,Ricaurte,Jueves,16,0,0,80,4,4.09
CAD,Paloquemao,Jueves,12,0,0,32,5,5.15
Toberín,Calle 146,Miércoles,5,0,0,177,3,2.68
CAD,Paloquemao,Viernes,19,1,1,276,5,8.07
Héroes,Calle 100,Viernes,10,0,0,170,5,5.25
Calle 146,Pepe Sierra,Jueves,17,1,0,272,4,5.16
Calle 146,Pepe Sierra,Martes,18,1,0,304,4,6.82
Banderas,Pradera,Miércoles,21,0,1,131,6,6.98
Ricaurte,Pradera,Sábado,18,0,1,132,5,5.83
Pepe Sierra,Calle 146,Viernes,16,0,1,87,4,4.9
Calle 26,Av. Jiménez,Sábado,17,0,0,129,4,4.27
Portal Norte,Toberín,Domingo,20,0,0,80,4,4.68
Calle 146,Pepe Sierra,Jueves,21,0,0,146,4,4.07
Av. Jiménez,Tercer Milenio,Martes,10,0,0,160,3,3.04
Héroes,Calle 100,Martes,21,0,1,88,5,5.42
Banderas,Portal Américas,Martes,10,0,0,49,5,5.31
Héroes,Calle 72,Martes,13,0,1,46,3,2.88
Banderas,Pradera,Viernes,8,1,1,216,6,9.31
Calle 72,Héroes,Lunes,17,1,0,293,3,4.36
Pepe Sierra,Calle 146,Viernes,12,0,0,78,4,3.69
Calle 100,Pepe Sierra,Miércoles,5,0,0,138,3,2.99
Calle 146,Toberín,Viernes,5,0,0,132,3,2.84
Centro Memoria,CAD,Domingo,13,0,1,127,4,5.18
Calle 26,Centro Memoria,Viernes,18,1,0,323,3,4.37
Av. Jiménez,De La Sabana,Domingo,12,0,1,130,3,3.4
Pradera,Ricaurte,Lunes,16,0,1,120,5,5.67
Calle 100,Pepe Sierra,Domingo,17,0,0,113,3,3.25
Héroes,Calle 100,Lunes,21,0,0,80,5,4.79
Calle 26,Calle 45,Viernes,20,0,0,64,4,3.49
Calle 45,Calle 72,Sábado,15,0,0,71,5,5.24
De La Sabana,Ricaurte,Domingo,15,0,0,84,4,4.37
Calle 45,Calle 26,Jueves,7,1,0,301,4,5.21
Calle 26,Centro Memoria,Domingo,8,0,0,146,3,3.54
Av. Jiménez,Tercer Milenio,Sábado,9,0,1,80,3,3.59
Av. Rojas,Portal El Dorado,Sábado,21,0,0,85,5,5.25
Calle 26,Centro Memoria,Miércoles,22,0,1,69,3,2.69
Portal Américas,Banderas,Jueves,8,1,0,284,5,7.41
Av. Rojas,CAD,Martes,10,0,1,104,6,6.44
Pepe Sierra,Calle 146,Sábado,5,0,0,104,4,4.32
Av. Jiménez,De La Sabana,Domingo,13,0,0,118,3,3.25
Calle 26,Av. Jiménez,Sábado,8,0,0,93,4,4.65
CAD,Av. Rojas,Jueves,7,1,1,252,6,9.65
Av. Jiménez,De La Sabana,Viernes,7,1,0,347,3,4.76
Ricaurte,Pradera,Sábado,17,0,0,111,5,5.07
CAD,Av. Rojas,Jueves,12,0,0,161,6,5.91
Calle 100,Pepe Sierra,Lunes,7,1,0,261,3,4.28
Av. Rojas,Portal El Dorado,Sábado,8,0,0,169,5,5.57
Calle 100,Héroes,Jueves,5,0,0,81,5,5.08
Av. Rojas,Portal El Dorado,Domingo,17,0,1,95,5,5.45
Av. Jiménez,De La Sabana,Domingo,9,0,0,159,3,2.69
Ricaurte,Paloquemao,Lunes,17,1,0,364,3,4.93
Portal Américas,Banderas,Domingo,14,0,1,163,5,5.72
Calle 26,Centro Memoria,Martes,14,0,0,114,3,2.6
Toberín,Calle 146,Miércoles,21,0,1,99,3,3.65
Calle 100,Pepe Sierra,Domingo,20,0,0,171,3,2.81
Calle 45,Calle 72,Sábado,17,0,0,105,5,5.2
De La Sabana,Av. Jiménez,Sábado,11,0,1,64,3,3.63
Calle 45,Calle 26,Lunes,10,0,1,91,4,4.5
Pradera,Ricaurte,Domingo,10,0,1,101,5,5.44
Av. Rojas,CAD,Jueves,20,0,1,119,6,6.87
Pradera,Ricaurte,Viernes,14,0,0,105,5,4.97
Calle 72,Calle 45,Viernes,17,1,0,312,5,8.19
Av. Jiménez,De La Sabana,Viernes,6,1,1,305,3,5.21
Tercer Milenio,Av. Jiménez,Martes,9,1,0,244,3,4.48
Centro Memoria,Calle 26,Martes,11,0,0,76,3,2.52
Calle 72,Calle 45,Lunes,16,0,0,90,5,5.7
Portal El Dorado,Av. Rojas,Domingo,9,0,0,158,5,5.49
Pradera,Banderas,Martes,6,1,0,238,6,8.74
Centro Memoria,Calle 26,Lunes,8,1,1,312,3,4.89
CAD,Paloquemao,Jueves,9,1,0,226,5,6.96
Pradera,Ricaurte,Lunes,12,0,0,117,5,5.51
Av. Jiménez,Tercer Milenio,Martes,17,1,1,212,3,4.6
Calle 146,Pepe Sierra,Domingo,17,0,0,125,4,4.59
CAD,Paloquemao,Lunes,8,1,0,327,5,7.8
Calle 100,Pepe Sierra,Sábado,21,0,0,88,3,2.37
Av. Rojas,Portal El Dorado,Viernes,20,0,0,104,5,5.66
Pepe Sierra,Calle 100,Martes,17,1,0,355,3,4.87
Paloquemao,CAD,Miércoles,9,1,0,317,5,7.69
Calle 146,Pepe Sierra,Domingo,22,0,0,97,4,4.14
Toberín,Portal Norte,Domingo,22,0,1,186,4,4.39
CAD,Centro Memoria,Viernes,22,0,0,184,4,4.24
CAD,Paloquemao,Domingo,11,0,1,173,5,5.37
Calle 100,Pepe Sierra,Viernes,10,0,0,143,3,2.92
Banderas,Portal Américas,Lunes,6,1,0,243,5,7.44
Calle 72,Calle 45,Lunes,22,0,0,160,5,5.06
Calle 146,Toberín,Lunes,21,0,0,60,3,3.05
Av. Rojas,CAD,Sábado,5,0,0,116,6,6.57
Toberín,Calle 146,Viernes,14,0,0,157,3,3.21
Portal Américas,Banderas,Jueves,15,0,0,194,5,5.57
De La Sabana,Ricaurte,Viernes,11,0,0,106,4,3.57
Calle 146,Toberín,Martes,9,1,0,289,3,4.35
Calle 72,Calle 45,Viernes,22,0,0,158,5,5.58
Ricaurte,De La Sabana,Sábado,18,0,0,72,4,4.21
Av. Jiménez,Calle 26,Sábado,10,0,0,146,4,4.9
Calle 146,Pepe Sierra,Sábado,18,0,1,155,4,5.01
Calle 100,Héroes,Lunes,13,0,1,122,5,5.96
CAD,Paloquemao,Miércoles,21,0,0,169,5,4.89
Pradera,Banderas,Miércoles,18,1,0,286,6,8.65
Paloquemao,Ricaurte,Miércoles,8,1,0,315,3,5.01
Av. Rojas,CAD,Miércoles,7,1,0,276,6,7.97
Av. Jiménez,De La Sabana,Martes,12,0,0,103,3,3.52
Calle 100,Pepe Sierra,Martes,17,1,1,321,3,5.0
Calle 100,Pepe Sierra,Sábado,14,0,0,108,3,2.65
Centro Memoria,Calle 26,Miércoles,14,0,0,140,3,2.88
Paloquemao,Ricaurte,Lunes,10,0,0,207,3,3.54
Pradera,Ricaurte,Domingo,22,0,0,96,5,5.0
Pradera,Ricaurte,Martes,13,0,0,116,5,5.19
Centro Memoria,CAD,Sábado,9,0,0,164,4,4.4
Av. Rojas,Portal El Dorado,Lunes,16,0,0,90,5,5.98
Calle 45,Calle 26,Jueves,19,1,0,301,4,6.31
De La Sabana,Ricaurte,Viernes,14,0,0,95,4,4.34
Pradera,Banderas,Sábado,12,0,0,132,6,5.64
Calle 146,Pepe Sierra,Jueves,15,0,1,200,4,5.32
CAD,Paloquemao,Sábado,12,0,1,104,5,5.32
Héroes,Calle 72,Lunes,14,0,0,133,3,3.23
Calle 26,Centro Memoria,Lunes,18,1,0,314,3,4.6
Héroes,Calle 100,Viernes,22,0,0,140,5,5.93
Pradera,Ricaurte,Martes,5,0,0,142,5,4.94
CAD,Av. Rojas,Martes,21,0,0,174,6,7.18
Toberín,Calle 146,Martes,21,0,1,246,3,3.22
Calle 72,Héroes,Domingo,9,0,0,129,3,2.36
Calle 146,Toberín,Jueves,10,0,0,142,3,2.99
Calle 100,Pepe Sierra,Sábado,12,0,1,196,3,3.28
Calle 100,Pepe Sierra,Jueves,14,0,0,52,3,2.89
Portal Norte,Toberín,Viernes,17,1,0,220,4,6.14
Av. Jiménez,Tercer Milenio,Sábado,21,0,1,37,3,3.37
Toberín,Calle 146,Viernes,20,0,0,36,3,2.93
Portal Norte,Toberín,Miércoles,14,0,0,185,4,4.51
Toberín,Portal Norte,Sábado,10,0,0,85,4,4.16
Toberín,Portal Norte,Jueves,11,0,0,120,4,4.43
Centro Memoria,CAD,Jueves,8,1,1,245,4,6.53
Toberín,Portal Norte,Sábado,13,0,0,11,4,3.77
Pradera,Ricaurte,Miércoles,18,1,1,280,5,8.2
CAD,Av. Rojas,Lunes,19,1,0,300,6,8.44
Portal Américas,Banderas,Miércoles,18,1,0,260,5,7.48
Calle 45,Calle 72,Miércoles,6,1,0,296,5,7.26
Pradera,Banderas,Lunes,10,0,0,100,6,6.58
Calle 26,Centro Memoria,Miércoles,8,1,0,279,3,4.43
Av. Rojas,CAD,Sábado,9,0,0,206,6,6.05
Ricaurte,Pradera,Sábado,17,0,0,45,5,5.43
Pepe Sierra,Calle 100,Martes,9,1,0,272,3,4.33
Portal Norte,Toberín,Martes,6,1,0,268,4,5.83
De La Sabana,Av. Jiménez,Viernes,5,0,0,183,3,3.6
Tercer Milenio,Av. Jiménez,Lunes,18,1,0,334,3,3.98
Calle 100,Héroes,Martes,12,0,0,73,5,4.05
Pepe Sierra,Calle 100,Sábado,12,0,0,87,3,3.51
Banderas,Pradera,Sábado,8,0,0,140,6,6.33
Centro Memoria,CAD,Martes,9,1,0,299,4,5.72
Héroes,Calle 100,Miércoles,11,0,1,128,5,6.13
Banderas,Pradera,Martes,7,1,1,235,6,9.52
Pradera,Ricaurte,Miércoles,12,0,0,157,5,5.23
Banderas,Pradera,Viernes,18,1,0,328,6,10.21
Tercer Milenio,Av. Jiménez,Miércoles,13,0,1,115,3,3.63
Banderas,Pradera,Lunes,10,0,0,90,6,6.34
Toberín,Calle 146,Miércoles,11,0,0,138,3,3.28
Calle 26,Av. Jiménez,Lunes,18,1,0,259,4,6.0
Centro Memoria,Calle 26,Miércoles,8,1,0,358,3,4.77
Portal Norte,Toberín,Domingo,9,0,0,158,4,4.22
De La Sabana,Ricaurte,Viernes,21,0,0,149,4,4.41
Calle 45,Calle 26,Martes,17,1,0,261,4,6.05
Calle 100,Pepe Sierra,Sábado,8,0,0,80,3,2.87
Paloquemao,CAD,Martes,19,1,1,307,5,8.14
Calle 146,Pepe Sierra,Viernes,15,0,0,72,4,4.57
Calle 26,Centro Memoria,Martes,22,0,0,142,3,2.93
Calle 146,Toberín,Jueves,22,0,0,58,3,3.03
CAD,Av. Rojas,Miércoles,19,1,0,282,6,8.99
Pepe Sierra,Calle 100,Lunes,20,0,0,105,3,2.35
Centro Memoria,CAD,Martes,13,0,0,104,4,4.09
Héroes,Calle 100,Viernes,6,1,1,325,5,7.78
Calle 72,Calle 45,Jueves,20,0,0,187,5,4.7
Centro Memoria,CAD,Martes,19,1,1,352,4,6.41
Ricaurte,Pradera,Jueves,17,1,0,334,5,7.62
Calle 45,Calle 72,Martes,11,0,0,165,5,5.26
Portal Norte,Toberín,Domingo,21,0,0,76,4,4.72
CAD,Centro Memoria,Domingo,12,0,0,115,4,4.32
Calle 26,Av. Jiménez,Martes,12,0,0,169,4,3.93
Calle 26,Calle 45,Sábado,9,0,1,143,4,4.45
Calle 26,Av. Jiménez,Miércoles,6,1,0,294,4,6.02
Calle 45,Calle 26,Martes,22,0,0,59,4,3.81
CAD,Paloquemao,Viernes,16,0,0,174,5,5.79
Av. Rojas,CAD,Martes,18,1,1,297,6,9.69
Tercer Milenio,Av. Jiménez,Lunes,5,0,1,108,3,4.0
Calle 45,Calle 26,Miércoles,10,0,0,111,4,4.31
Portal Norte,Toberín,Domingo,8,0,0,165,4,4.02
Ricaurte,Pradera,Miércoles,22,0,0,182,5,4.84
Portal Américas,Banderas,Miércoles,11,0,0,185,5,5.31
Pradera,Ricaurte,Martes,18,1,0,290,5,6.72
Centro Memoria,Calle 26,Martes,19,1,0,281,3,4.06
Calle 72,Héroes,Jueves,10,0,0,95,3,3.09
Toberín,Portal Norte,Martes,17,1,0,338,4,6.16
Calle 45,Calle 72,Lunes,18,1,0,312,5,7.09
Paloquemao,CAD,Lunes,21,0,0,84,5,5.93
Portal Norte,Toberín,Jueves,17,1,0,270,4,6.6
Portal Norte,Toberín,Sábado,6,0,0,110,4,4.22
Pepe Sierra,Calle 146,Sábado,5,0,1,162,4,5.23
Portal Norte,Toberín,Lunes,22,0,0,115,4,4.07
Av. Jiménez,De La Sabana,Lunes,11,0,0,117,3,3.31
Av. Rojas,Portal El Dorado,Domingo,10,0,0,155,5,5.39
Centro Memoria,Calle 26,Lunes,22,0,0,144,3,3.87
Paloquemao,CAD,Lunes,6,1,0,315,5,7.66
Tercer Milenio,Av. Jiménez,Domingo,18,0,0,59,3,2.04
Calle 26,Calle 45,Jueves,17,1,0,315,4,5.99
CAD,Paloquemao,Sábado,17,0,0,99,5,5.34
Calle 100,Pepe Sierra,Lunes,12,0,0,117,3,3.63
Tercer Milenio,Av. Jiménez,Viernes,15,0,0,123,3,2.89
Calle 146,Pepe Sierra,Viernes,9,1,0,339,4,5.99
CAD,Centro Memoria,Martes,18,1,0,321,4,5.85
Av. Jiménez,Tercer Milenio,Miércoles,16,0,1,94,3,3.47
Calle 26,Av. Jiménez,Sábado,16,0,1,120,4,4.83
Calle 146,Pepe Sierra,Domingo,9,0,1,109,4,3.88
Héroes,Calle 100,Jueves,19,1,0,282,5,7.77
Calle 26,Centro Memoria,Lunes,18,1,1,288,3,4.68
Av. Jiménez,Calle 26,Miércoles,9,1,0,339,4,5.79
Pradera,Ricaurte,Jueves,18,1,0,238,5,7.28
Pradera,Banderas,Sábado,15,0,0,100,6,5.91
Paloquemao,CAD,Jueves,18,1,0,292,5,7.68
CAD,Av. Rojas,Viernes,22,0,1,119,6,7.08
Pradera,Ricaurte,Sábado,18,0,0,192,5,5.34
Calle 45,Calle 26,Martes,16,0,0,131,4,4.06
Toberín,Portal Norte,Jueves,9,1,1,266,4,6.1
Toberín,Calle 146,Miércoles,9,1,0,280,3,4.61
Calle 100,Héroes,Viernes,18,1,0,393,5,7.45
Calle 26,Calle 45,Martes,8,1,1,283,4,6.34
Héroes,Calle 100,Lunes,18,1,0,315,5,7.64
Pepe Sierra,Calle 100,Lunes,20,0,1,171,3,2.59
Calle 72,Héroes,Miércoles,9,1,0,204,3,4.16
Pepe Sierra,Calle 146,Domingo,18,0,0,163,4,3.7
Calle 72,Héroes,Martes,21,0,0,10,3,3.24
Tercer Milenio,Av. Jiménez,Sábado,15,0,0,129,3,2.76
Paloquemao,CAD,Miércoles,8,1,0,260,5,7.01
CAD,Paloquemao,Domingo,10,0,0,124,5,5.06
Toberín,Portal Norte,Jueves,19,1,0,319,4,4.9
Calle 26,Av. Jiménez,Viernes,14,0,0,85,4,3.72
Pradera,Banderas,Miércoles,7,1,0,289,6,8.75
Calle 100,Héroes,Jueves,6,1,0,331,5,6.83
Héroes,Calle 72,Viernes,7,1,1,301,3,5.02
Portal Américas,Banderas,Sábado,17,0,1,194,5,5.79
Calle 72,Héroes,Miércoles,18,1,0,312,3,3.8
Calle 100,Pepe Sierra,Miércoles,15,0,0,24,3,3.37
Tercer Milenio,Av. Jiménez,Lunes,7,1,0,299,3,4.97
Portal Norte,Toberín,Miércoles,11,0,0,65,4,4.34
Paloquemao,CAD,Martes,13,0,0,194,5,5.65
Av. Rojas,Portal El Dorado,Viernes,20,0,0,131,5,5.33
De La Sabana,Av. Jiménez,Miércoles,5,0,1,57,3,3.93
Av. Jiménez,Tercer Milenio,Viernes,11,0,0,95,3,3.34
Ricaurte,Pradera,Martes,8,1,0,237,5,6.87
CAD,Centro Memoria,Domingo,9,0,0,177,4,4.22
Pradera,Ricaurte,Domingo,6,0,0,178,5,5.41
Calle 100,Héroes,Lunes,7,1,1,226,5,8.17
Calle 45,Calle 26,Domingo,9,0,1,96,4,4.87
Héroes,Calle 72,Viernes,21,0,1,121,3,2.86
Ricaurte,Paloquemao,Domingo,15,0,0,126,3,4.07
Héroes,Calle 100,Miércoles,18,1,0,319,5,7.52
Pradera,Ricaurte,Viernes,7,1,1,343,5,8.19
Av. Rojas,Portal El Dorado,Jueves,8,1,1,308,5,7.58
Calle 100,Héroes,Miércoles,22,0,1,129,5,6.24
Pepe Sierra,Calle 146,Jueves,15,0,0,86,4,4.74
Tercer Milenio,Av. Jiménez,Miércoles,16,0,0,116,3,2.82
Pepe Sierra,Calle 146,Domingo,19,0,0,159,4,4.2
Calle 26,Centro Memoria,Domingo,19,0,0,150,3,3.11
Calle 100,Héroes,Viernes,20,0,0,117,5,5.49
Tercer Milenio,Av. Jiménez,Domingo,9,0,0,131,3,2.4
Centro Memoria,CAD,Miércoles,16,0,0,75,4,4.52
Pradera,Banderas,Miércoles,6,1,0,294,6,8.77
CAD,Paloquemao,Domingo,12,0,0,65,5,4.73
Av. Rojas,CAD,Domingo,8,0,0,39,6,6.08
Héroes,Calle 72,Domingo,7,0,0,96,3,2.76
Banderas,Portal Américas,Miércoles,19,1,0,297,5,7.64
CAD,Av. Rojas,Jueves,8,1,0,383,6,8.64
Pepe Sierra,Calle 100,Jueves,18,1,0,346,3,4.96
De La Sabana,Av. Jiménez,Miércoles,20,0,0,88,3,3.21
Centro Memoria,Calle 26,Jueves,6,1,0,281,3,4.55
Centro Memoria,Calle 26,Martes,15,0,0,180,3,3.51
Ricaurte,Paloquemao,Lunes,16,0,1,140,3,3.34
Centro Memoria,Calle 26,Martes,5,0,1,60,3,3.31
Banderas,Pradera,Sábado,10,0,0,168,6,5.89
Pepe Sierra,Calle 146,Lunes,14,0,1,77,4,4.6
Banderas,Portal Américas,Viernes,11,0,0,80,5,4.88
Av. Jiménez,Calle 26,Lunes,7,1,1,283,4,5.82
Banderas,Pradera,Domingo,14,0,0,81,6,6.52
De La Sabana,Ricaurte,Jueves,20,0,0,67,4,3.49
Héroes,Calle 72,Jueves,16,0,1,94,3,3.73
Portal El Dorado,Av. Rojas,Lunes,22,0,1,112,5,5.59
Paloquemao,Ricaurte,Sábado,9,0,0,121,3,2.48
De La Sabana,Av. Jiménez,Jueves,9,1,0,319,3,4.68
De La Sabana,Av. Jiménez,Sábado,18,0,0,103,3,3.56
Portal Norte,Toberín,Domingo,9,0,0,74,4,4.6
Paloquemao,CAD,Lunes,6,1,0,306,5,7.38
Calle 45,Calle 72,Viernes,10,0,0,119,5,5.25
Calle 45,Calle 72,Martes,5,0,0,168,5,4.99
Ricaurte,De La Sabana,Miércoles,21,0,1,89,4,4.99
Pepe Sierra,Calle 100,Sábado,19,0,0,96,3,3.5
Ricaurte,De La Sabana,Viernes,18,1,0,367,4,5.97
De La Sabana,Av. Jiménez,Martes,19,1,0,327,3,4.08
Héroes,Calle 72,Martes,22,0,0,150,3,3.3
Av. Jiménez,Tercer Milenio,Sábado,18,0,0,138,3,2.95
Ricaurte,Paloquemao,Domingo,8,0,1,53,3,3.58
Calle 100,Pepe Sierra,Lunes,18,1,0,217,3,4.25
Ricaurte,Paloquemao,Lunes,19,1,0,337,3,4.63
Toberín,Calle 146,Domingo,18,0,0,197,3,3.71
Banderas,Portal Américas,Lunes,11,0,1,93,5,5.74
Calle 100,Pepe Sierra,Domingo,19,0,0,118,3,2.54
Paloquemao,CAD,Sábado,17,0,0,82,5,4.98
De La Sabana,Ricaurte,Viernes,14,0,0,38,4,4.09
Av. Jiménez,Calle 26,Domingo,18,0,0,110,4,3.55
Portal Norte,Toberín,Jueves,6,1,0,316,4,6.32
Calle 100,Héroes,Domingo,21,0,1,129,5,5.69
Paloquemao,Ricaurte,Martes,18,1,0,323,3,4.81
Pradera,Ricaurte,Sábado,17,0,1,132,5,5.5
Portal El Dorado,Av. Rojas,Sábado,17,0,1,131,5,6.31
Calle 72,Héroes,Miércoles,21,0,0,96,3,3.98
Calle 26,Calle 45,Domingo,9,0,0,98,4,4.21
Paloquemao,CAD,Jueves,13,0,1,93,5,5.82
Héroes,Calle 72,Martes,7,1,0,230,3,4.18
Banderas,Pradera,Domingo,9,0,0,76,6,6.28
CAD,Av. Rojas,Lunes,17,1,0,339,6,9.38
Calle 100,Héroes,Sábado,16,0,0,25,5,5.88
Paloquemao,CAD,Miércoles,11,0,0,131,5,5.02
Calle 45,Calle 26,Domingo,17,0,1,126,4,4.72
Calle 146,Toberín,Martes,5,0,0,93,3,3.22
Av. Rojas,Portal El Dorado,Lunes,19,1,1,275,5,7.78
Calle 100,Pepe Sierra,Miércoles,13,0,1,92,3,2.86
Pepe Sierra,Calle 146,Domingo,16,0,1,125,4,4.88
Calle 45,Calle 72,Jueves,5,0,0,140,5,5.68
Calle 26,Centro Memoria,Lunes,11,0,0,132,3,2.98
Ricaurte,Pradera,Sábado,19,0,1,153,5,5.34
Calle 72,Héroes,Martes,6,1,0,263,3,4.06
Av. Jiménez,De La Sabana,Jueves,22,0,0,163,3,3.62
Centro Memoria,CAD,Lunes,11,0,0,139,4,4.71
Av. Rojas,CAD,Viernes,9,1,0,264,6,9.03
Ricaurte,De La Sabana,Martes,5,0,0,114,4,4.57
Calle 26,Calle 45,Sábado,9,0,0,115,4,4.08
Centro Memoria,Calle 26,Lunes,16,0,0,141,3,3.56
CAD,Paloquemao,Sábado,20,0,0,93,5,5.21
Ricaurte,Pradera,Miércoles,10,0,0,77,5,4.19
Calle 26,Av. Jiménez,Lunes,14,0,0,128,4,4.5
Calle 72,Calle 45,Jueves,18,1,1,310,5,7.25
Pradera,Banderas,Miércoles,15,0,0,105,6,5.43
Paloquemao,Ricaurte,Martes,16,0,0,174,3,2.83
Paloquemao,CAD,Jueves,10,0,1,170,5,6.3
CAD,Centro Memoria,Jueves,14,0,0,83,4,3.71
Paloquemao,CAD,Viernes,16,0,0,134,5,5.0
Calle 100,Pepe Sierra,Miércoles,18,1,1,304,3,4.61
Ricaurte,De La Sabana,Martes,16,0,0,48,4,3.2
De La Sabana,Av. Jiménez,Miércoles,5,0,0,129,3,2.97
Calle 45,Calle 72,Domingo,15,0,1,97,5,6.02
Av. Rojas,CAD,Miércoles,11,0,0,166,6,6.39
Pepe Sierra,Calle 100,Sábado,7,0,0,106,3,3.36
CAD,Paloquemao,Domingo,18,0,0,65,5,5.25
De La Sabana,Av. Jiménez,Lunes,20,0,0,142,3,3.49
Av. Jiménez,Calle 26,Lunes,19,1,0,222,4,5.54
Av. Jiménez,De La Sabana,Martes,5,0,0,84,3,3.17
Paloquemao,CAD,Viernes,5,0,1,139,5,6.45
Tercer Milenio,Av. Jiménez,Jueves,6,1,1,280,3,4.57
CAD,Centro Memoria,Sábado,5,0,0,165,4,4.45
Pepe Sierra,Calle 100,Jueves,14,0,0,170,3,3.37
Ricaurte,De La Sabana,Viernes,15,0,0,73,4,3.61
Calle 146,Toberín,Sábado,19,0,0,57,3,3.35
Paloquemao,CAD,Lunes,16,0,1,167,5,6.66
Calle 100,Pepe Sierra,Lunes,5,0,0,153,3,3.69
Av. Jiménez,De La Sabana,Sábado,18,0,0,96,3,2.68
Pepe Sierra,Calle 146,Domingo,16,0,1,154,4,4.88
CAD,Av. Rojas,Sábado,6,0,0,124,6,6.53
Calle 146,Toberín,Miércoles,7,1,0,312,3,5.03
Ricaurte,Paloquemao,Jueves,13,0,0,171,3,3.47
Calle 100,Héroes,Lunes,9,1,0,333,5,7.79
Calle 100,Héroes,Domingo,18,0,0,101,5,5.56
Pepe Sierra,Calle 100,Martes,20,0,0,64,3,3.52
Av. Jiménez,Calle 26,Sábado,20,0,0,72,4,4.26
Calle 26,Av. Jiménez,Sábado,7,0,0,86,4,4.39
Calle 45,Calle 26,Sábado,11,0,0,118,4,3.6
Calle 146,Pepe Sierra,Lunes,11,0,0,136,4,4.04
Calle 45,Calle 72,Jueves,11,0,0,155,5,5.39
De La Sabana,Av. Jiménez,Viernes,21,0,0,135,3,2.82
Av. Jiménez,De La Sabana,Miércoles,19,1,0,276,3,4.28
CAD,Centro Memoria,Martes,12,0,1,154,4,5.38
Ricaurte,Pradera,Domingo,21,0,0,87,5,5.65
Pradera,Ricaurte,Miércoles,18,1,0,213,5,6.8
Av. Jiménez,Tercer Milenio,Viernes,8,1,0,261,3,3.9
Pepe Sierra,Calle 100,Martes,5,0,1,56,3,3.55
Calle 72,Héroes,Jueves,21,0,0,111,3,3.32
Av. Jiménez,Calle 26,Viernes,7,1,0,327,4,6.16
Calle 45,Calle 72,Viernes,18,1,0,326,5,7.54
Calle 146,Toberín,Miércoles,8,1,0,252,3,4.85
Ricaurte,Pradera,Jueves,11,0,0,96,5,4.87
Pradera,Ricaurte,Miércoles,21,0,0,112,5,4.91
CAD,Centro Memoria,Sábado,6,0,0,103,4,4.34
Calle 100,Pepe Sierra,Lunes,6,1,0,313,3,4.16
Calle 26,Calle 45,Lunes,13,0,0,100,4,4.63
Ricaurte,Paloquemao,Jueves,17,1,0,319,3,5.36
Calle 45,Calle 26,Sábado,13,0,0,167,4,4.79
Héroes,Calle 72,Miércoles,14,0,0,64,3,3.4
Av. Jiménez,Tercer Milenio,Lunes,10,0,0,117,3,2.96
Paloquemao,Ricaurte,Miércoles,12,0,0,126,3,3.57
Pepe Sierra,Calle 146,Miércoles,19,1,0,320,4,5.69
Portal Norte,Toberín,Jueves,15,0,0,149,4,4.04
Calle 26,Av. Jiménez,Martes,5,0,0,128,4,4.13
Calle 26,Centro Memoria,Jueves,12,0,0,111,3,3.47
Toberín,Calle 146,Viernes,14,0,1,78,3,4.2
Centro Memoria,CAD,Domingo,9,0,1,47,4,4.25
Calle 100,Pepe Sierra,Sábado,15,0,0,134,3,3.43
De La Sabana,Ricaurte,Miércoles,20,0,0,115,4,4.21
Portal Américas,Banderas,Miércoles,14,0,0,136,5,5.25
Centro Memoria,CAD,Domingo,20,0,0,175,4,4.69
Centro Memoria,CAD,Lunes,9,1,1,334,4,6.08
Calle 45,Calle 26,Martes,16,0,0,116,4,4.11
Calle 45,Calle 26,Sábado,18,0,0,79,4,4.3
Pepe Sierra,Calle 146,Jueves,8,1,1,278,4,6.62
Paloquemao,CAD,Jueves,21,0,0,77,5,5.88
De La Sabana,Ricaurte,Jueves,18,1,1,264,4,6.42
Av. Jiménez,Calle 26,Lunes,21,0,0,151,4,4.07
Paloquemao,Ricaurte,Domingo,19,0,0,154,3,2.74
Ricaurte,De La Sabana,Lunes,20,0,1,178,4,4.76
Héroes,Calle 100,Martes,21,0,1,96,5,5.62
Ricaurte,Paloquemao,Martes,14,0,0,152,3,2.99
Calle 146,Pepe Sierra,Lunes,19,1,0,270,4,5.85
Av. Jiménez,Tercer Milenio,Lunes,6,1,0,252,3,5.16
Toberín,Portal Norte,Sábado,5,0,0,97,4,4.53
Héroes,Calle 100,Miércoles,21,0,0,128,5,4.93
Av. Rojas,CAD,Lunes,13,0,0,119,6,6.67
Calle 45,Calle 72,Lunes,14,0,0,112,5,5.76
Calle 26,Centro Memoria,Martes,17,1,0,340,3,4.93
Pepe Sierra,Calle 100,Miércoles,14,0,0,101,3,2.72
Pradera,Banderas,Miércoles,9,1,0,275,6,9.0
Calle 45,Calle 72,Jueves,22,0,0,141,5,4.48
Tercer Milenio,Av. Jiménez,Viernes,19,1,0,299,3,4.56
Ricaurte,Pradera,Domingo,18,0,0,108,5,5.79
CAD,Centro Memoria,Miércoles,21,0,1,136,4,5.2
Ricaurte,De La Sabana,Jueves,19,1,0,291,4,6.36
Banderas,Pradera,Viernes,5,0,1,185,6,7.68
Banderas,Pradera,Martes,14,0,1,76,6,6.73
Av. Rojas,Portal El Dorado,Martes,22,0,1,106,5,5.96
Tercer Milenio,Av. Jiménez,Domingo,17,0,0,147,3,2.88
Toberín,Portal Norte,Domingo,21,0,0,122,4,3.44
Calle 146,Toberín,Miércoles,8,1,0,357,3,4.38
Pepe Sierra,Calle 100,Viernes,20,0,0,122,3,3.06
Calle 146,Toberín,Viernes,21,0,0,165,3,2.11
Toberín,Calle 146,Viernes,9,1,0,299,3,4.46
Centro Memoria,Calle 26,Sábado,9,0,0,101,3,3.84
Av. Jiménez,Tercer Milenio,Lunes,20,0,0,84,3,3.43
Calle 45,Calle 72,Lunes,9,1,0,314,5,8.04
Pepe Sierra,Calle 100,Martes,11,0,0,93,3,2.85
Portal Norte,Toberín,Jueves,17,1,0,343,4,6.26
Calle 100,Pepe Sierra,Jueves,10,0,1,58,3,3.17
Av. Rojas,CAD,Viernes,19,1,1,315,6,9.98
Paloquemao,Ricaurte,Martes,5,0,0,92,3,1.97
Calle 26,Calle 45,Sábado,22,0,0,140,4,3.79
Centro Memoria,Calle 26,Sábado,8,0,1,39,3,2.23
Centro Memoria,Calle 26,Miércoles,17,1,0,332,3,4.6
Calle 100,Pepe Sierra,Domingo,18,0,0,110,3,3.72
Tercer Milenio,Av. Jiménez,Viernes,17,1,0,325,3,5.18
Tercer Milenio,Av. Jiménez,Sábado,19,0,0,64,3,3.08
De La Sabana,Ricaurte,Jueves,19,1,0,235,4,5.78
Calle 72,Héroes,Domingo,21,0,0,110,3,3.42
CAD,Centro Memoria,Lunes,10,0,0,121,4,4.49
De La Sabana,Ricaurte,Viernes,15,0,0,148,4,5.16
Héroes,Calle 100,Domingo,14,0,1,107,5,5.39
Calle 146,Pepe Sierra,Sábado,20,0,0,129,4,3.94
Calle 26,Centro Memoria,Martes,21,0,1,179,3,3.46
CAD,Centro Memoria,Sábado,15,0,0,97,4,4.01
Portal El Dorado,Av. Rojas,Viernes,17,1,0,328,5,7.51
Portal Norte,Toberín,Martes,12,0,0,94,4,4.85
Calle 100,Pepe Sierra,Sábado,20,0,0,85,3,3.14
Calle 45,Calle 26,Domingo,12,0,0,146,4,3.64
Héroes,Calle 72,Jueves,18,1,1,319,3,4.41
Toberín,Calle 146,Lunes,6,1,1,332,3,4.46
Pepe Sierra,Calle 146,Miércoles,5,0,1,147,4,5.14
De La Sabana,Av. Jiménez,Jueves,17,1,0,334,3,4.65
Paloquemao,CAD,Martes,11,0,0,110,5,5.04
Banderas,Portal Américas,Martes,11,0,0,178,5,5.17
Pradera,Banderas,Domingo,11,0,0,78,6,6.5
Portal Norte,Toberín,Sábado,8,0,0,88,4,3.8
Calle 100,Héroes,Miércoles,18,1,0,242,5,7.16
Pepe Sierra,Calle 146,Sábado,21,0,0,116,4,4.33
Calle 72,Calle 45,Jueves,21,0,0,158,5,5.61
Ricaurte,Paloquemao,Domingo,9,0,1,112,3,3.39
Portal Américas,Banderas,Jueves,7,1,0,320,5,8.06
Calle 100,Héroes,Miércoles,8,1,0,305,5,7.32
Calle 26,Calle 45,Viernes,15,0,0,80,4,3.58
Av. Jiménez,Tercer Milenio,Miércoles,17,1,0,326,3,4.77
Calle 146,Pepe Sierra,Martes,14,0,0,143,4,4.23
Portal El Dorado,Av. Rojas,Viernes,21,0,0,176,5,5.25
Paloquemao,Ricaurte,Sábado,8,0,0,158,3,3.22
Calle 26,Av. Jiménez,Lunes,15,0,0,95,4,4.43
Calle 45,Calle 72,Domingo,6,0,0,136,5,5.48
CAD,Av. Rojas,Miércoles,6,1,0,303,6,8.99
Calle 146,Pepe Sierra,Viernes,6,1,0,395,4,6.66
Calle 146,Pepe Sierra,Viernes,7,1,1,328,4,6.5
Calle 26,Centro Memoria,Miércoles,6,1,0,340,3,4.77
Calle 26,Centro Memoria,Sábado,16,0,0,121,3,3.06
Av. Jiménez,Tercer Milenio,Martes,5,0,1,116,3,2.21
Portal Norte,Toberín,Domingo,11,0,0,128,4,4.06
Ricaurte,Pradera,Sábado,5,0,0,183,5,5.47
Calle 146,Toberín,Jueves,9,1,0,252,3,4.41
Pradera,Banderas,Lunes,19,1,0,258,6,9.06
Ricaurte,Paloquemao,Miércoles,16,0,0,131,3,3.58
Pradera,Banderas,Martes,12,0,0,88,6,6.28
Toberín,Portal Norte,Sábado,22,0,0,65,4,4.41
Portal Norte,Toberín,Martes,6,1,0,320,4,6.24
Héroes,Calle 100,Miércoles,6,1,0,300,5,7.67
Ricaurte,Paloquemao,Martes,14,0,0,184,3,3.16
Pradera,Ricaurte,Lunes,7,1,0,305,5,7.08
Av. Rojas,CAD,Sábado,16,0,1,85,6,6.89
Calle 26,Calle 45,Miércoles,16,0,1,164,4,4.63
Av. Jiménez,Tercer Milenio,Martes,21,0,1,110,3,3.3
Av. Jiménez,De La Sabana,Viernes,8,1,0,278,3,4.58
Pradera,Banderas,Viernes,20,0,0,60,6,6.69
Calle 72,Calle 45,Domingo,21,0,0,93,5,5.52
Av. Rojas,CAD,Miércoles,9,1,0,249,6,9.11
Calle 45,Calle 26,Sábado,19,0,1,146,4,4.85
Toberín,Portal Norte,Lunes,13,0,0,80,4,4.26
Pradera,Ricaurte,Lunes,6,1,0,252,5,7.28
Paloquemao,Ricaurte,Lunes,17,1,0,341,3,4.88
Calle 146,Toberín,Jueves,10,0,0,120,3,2.79
Av. Rojas,CAD,Miércoles,6,1,0,325,6,9.08
De La Sabana,Ricaurte,Viernes,15,0,1,27,4,4.77
Calle 26,Av. Jiménez,Viernes,11,0,1,119,4,5.12
Av. Jiménez,De La Sabana,Viernes,18,1,1,256,3,3.46
Toberín,Calle 146,Viernes,17,1,1,311,3,4.93
Av. Jiménez,Tercer Milenio,Viernes,19,1,0,232,3,4.01
Av. Rojas,Portal El Dorado,Miércoles,10,0,1,230,5,5.95
Banderas,Portal Américas,Martes,9,1,1,329,5,7.81
Calle 26,Av. Jiménez,Miércoles,7,1,1,216,4,6.16
Av. Rojas,CAD,Viernes,17,1,0,289,6,8.81
Av. Jiménez,Calle 26,Sábado,13,0,1,115,4,4.74
Paloquemao,Ricaurte,Miércoles,15,0,1,113,3,2.96
Calle 72,Héroes,Lunes,19,1,0,319,3,3.75
Toberín,Calle 146,Jueves,22,0,0,37,3,3.35
Toberín,Calle 146,Lunes,13,0,1,140,3,3.49
Av. Rojas,CAD,Lunes,19,1,0,244,6,8.55
Av. Jiménez,Calle 26,Jueves,9,1,0,289,4,5.34
Calle 72,Héroes,Viernes,6,1,0,270,3,4.72
CAD,Paloquemao,Sábado,21,0,1,177,5,5.77
Portal El Dorado,Av. Rojas,Viernes,12,0,0,150,5,4.61
Calle 26,Av. Jiménez,Lunes,16,0,0,146,4,3.97
Toberín,Calle 146,Miércoles,8,1,0,312,3,4.42
Portal Américas,Banderas,Lunes,12,0,0,172,5,5.08
Portal El Dorado,Av. Rojas,Domingo,18,0,0,145,5,5.25
Pradera,Banderas,Martes,5,0,0,113,6,6.27
Ricaurte,De La Sabana,Jueves,16,0,0,86,4,4.17
Av. Jiménez,Tercer Milenio,Martes,16,0,0,117,3,3.27
Calle 100,Héroes,Lunes,8,1,0,303,5,7.83
Av. Jiménez,De La Sabana,Domingo,21,0,1,156,3,3.11
De La Sabana,Ricaurte,Jueves,6,1,0,334,4,5.59
Héroes,Calle 100,Sábado,7,0,1,143,5,6.11
Calle 45,Calle 26,Viernes,22,0,0,43,4,4.12
CAD,Av. Rojas,Domingo,21,0,1,101,6,6.6
Paloquemao,Ricaurte,Viernes,21,0,0,174,3,3.0
Av. Jiménez,Calle 26,Viernes,14,0,1,87,4,4.6
De La Sabana,Av. Jiménez,Domingo,16,0,0,147,3,3.16
Av. Jiménez,De La Sabana,Lunes,12,0,0,166,3,3.46
Banderas,Pradera,Miércoles,22,0,0,32,6,5.88
De La Sabana,Ricaurte,Viernes,12,0,0,97,4,4.39
Banderas,Pradera,Domingo,9,0,1,15,6,7.66
Calle 45,Calle 26,Jueves,9,1,0,321,4,6.1
Tercer Milenio,Av. Jiménez,Lunes,7,1,0,347,3,5.51
Centro Memoria,CAD,Viernes,20,0,0,154,4,4.69
Calle 72,Calle 45,Jueves,5,0,0,125,5,5.26
Banderas,Pradera,Viernes,20,0,0,100,6,5.97
Calle 100,Héroes,Domingo,18,0,0,92,5,4.69
Héroes,Calle 72,Martes,21,0,1,116,3,2.8
Ricaurte,Pradera,Miércoles,9,1,0,307,5,7.5
Av. Rojas,CAD,Miércoles,8,1,0,305,6,8.81
Av. Jiménez,De La Sabana,Viernes,8,1,1,423,3,5.53
Calle 146,Toberín,Miércoles,19,1,1,250,3,4.82
CAD,Paloquemao,Domingo,18,0,0,95,5,4.83
Calle 26,Centro Memoria,Sábado,10,0,0,66,3,3.27
Av. Rojas,Portal El Dorado,Viernes,7,1,0,272,5,7.82
Portal Norte,Toberín,Miércoles,19,1,0,339,4,6.63
Portal Américas,Banderas,Sábado,13,0,1,85,5,5.9
Calle 100,Pepe Sierra,Jueves,15,0,0,145,3,3.03
Centro Memoria,CAD,Viernes,21,0,1,89,4,5.22
Banderas,Pradera,Jueves,15,0,1,129,6,7.24
Héroes,Calle 100,Sábado,11,0,0,87,5,4.73
Calle 26,Av. Jiménez,Viernes,15,0,0,97,4,4.14
Tercer Milenio,Av. Jiménez,Miércoles,13,0,0,77,3,3.11
Calle 45,Calle 26,Miércoles,13,0,1,52,4,4.06
Pepe Sierra,Calle 100,Sábado,13,0,0,146,3,3.46
Calle 72,Calle 45,Viernes,10,0,0,104,5,4.85
Toberín,Calle 146,Viernes,22,0,1,78,3,3.27
Toberín,Portal Norte,Domingo,5,0,0,145,4,4.66
Av. Jiménez,Tercer Milenio,Viernes,18,1,0,280,3,4.01
CAD,Centro Memoria,Jueves,14,0,1,130,4,4.33
Calle 100,Pepe Sierra,Jueves,20,0,0,99,3,3.68
Calle 100,Héroes,Sábado,8,0,1,153,5,5.95
Calle 146,Pepe Sierra,Martes,7,1,0,249,4,5.98
CAD,Centro Memoria,Jueves,21,0,0,162,4,4.17
Calle 146,Pepe Sierra,Miércoles,6,1,0,354,4,6.63
CAD,Centro Memoria,Domingo,22,0,0,186,4,4.49
CAD,Paloquemao,Sábado,5,0,0,143,5,5.92
Portal El Dorado,Av. Rojas,Martes,11,0,0,137,5,5.14
Héroes,Calle 100,Martes,20,0,0,102,5,5.35
Calle 72,Calle 45,Lunes,21,0,1,68,5,5.61
Calle 45,Calle 72,Lunes,20,0,0,163,5,4.53
Calle 72,Calle 45,Lunes,18,1,0,361,5,8.1
Paloquemao,Ricaurte,Viernes,12,0,0,101,3,3.37
Calle 26,Centro Memoria,Martes,14,0,1,120,3,3.97
Av. Jiménez,Tercer Milenio,Jueves,17,1,0,339,3,4.0
Av. Rojas,CAD,Lunes,12,0,0,143,6,6.35
Tercer Milenio,Av. Jiménez,Jueves,15,0,0,123,3,2.89
Banderas,Pradera,Jueves,15,0,0,189,6,6.98
De La Sabana,Ricaurte,Sábado,9,0,1,90,4,4.05
Calle 26,Centro Memoria,Domingo,20,0,0,104,3,3.33
Calle 26,Calle 45,Miércoles,21,0,0,129,4,4.76
Banderas,Pradera,Domingo,15,0,0,151,6,6.84
De La Sabana,Av. Jiménez,Domingo,19,0,0,133,3,2.64
Calle 26,Av. Jiménez,Miércoles,20,0,0,112,4,4.65
Av. Jiménez,De La Sabana,Lunes,14,0,0,117,3,3.38
Calle 45,Calle 26,Martes,22,0,0,107,4,3.8
CAD,Paloquemao,Viernes,15,0,0,115,5,5.41
Av. Rojas,CAD,Sábado,5,0,1,93,6,6.78
Calle 146,Pepe Sierra,Miércoles,16,0,1,82,4,5.01
Av. Rojas,CAD,Lunes,21,0,0,108,6,6.91
Av. Rojas,CAD,Martes,22,0,0,181,6,6.51
Calle 26,Calle 45,Martes,16,0,0,79,4,3.32
Calle 72,Calle 45,Martes,5,0,0,61,5,4.6
Portal Norte,Toberín,Viernes,8,1,0,355,4,6.16
Centro Memoria,Calle 26,Miércoles,14,0,0,135,3,2.31
Paloquemao,CAD,Martes,6,1,0,252,5,7.73
Pepe Sierra,Calle 100,Jueves,17,1,0,311,3,4.46
Calle 26,Av. Jiménez,Lunes,7,1,0,322,4,6.7
Banderas,Pradera,Sábado,22,0,0,111,6,6.36
Héroes,Calle 100,Viernes,17,1,0,307,5,8.47
Ricaurte,Paloquemao,Domingo,15,0,0,36,3,3.33
Toberín,Portal Norte,Jueves,11,0,0,115,4,4.46
Paloquemao,CAD,Jueves,14,0,0,93,5,5.21
Calle 45,Calle 26,Viernes,13,0,0,148,4,5.54
CAD,Av. Rojas,Jueves,5,0,1,152,6,6.72
Ricaurte,Pradera,Domingo,22,0,0,103,5,5.08
Portal Américas,Banderas,Lunes,17,1,1,228,5,7.69
Portal Américas,Banderas,Viernes,8,1,0,329,5,7.06
De La Sabana,Av. Jiménez,Sábado,7,0,0,161,3,3.44
Calle 72,Héroes,Jueves,12,0,0,90,3,3.08
Ricaurte,Pradera,Jueves,21,0,0,183,5,5.75
Av. Rojas,Portal El Dorado,Lunes,20,0,0,120,5,5.2
Av. Jiménez,Tercer Milenio,Domingo,9,0,0,123,3,2.98
Av. Rojas,Portal El Dorado,Domingo,5,0,0,35,5,5.9
Calle 72,Calle 45,Domingo,20,0,0,126,5,5.47
Av. Jiménez,De La Sabana,Martes,15,0,0,117,3,2.88
Calle 26,Centro Memoria,Domingo,7,0,1,112,3,2.83
Pradera,Banderas,Jueves,9,1,1,391,6,9.38
Héroes,Calle 72,Lunes,10,0,0,78,3,2.94
Calle 100,Pepe Sierra,Jueves,20,0,0,171,3,3.26
CAD,Centro Memoria,Sábado,22,0,0,70,4,4.64
Toberín,Portal Norte,Jueves,14,0,0,149,4,4.51
Calle 26,Av. Jiménez,Viernes,16,0,0,148,4,5.25
Calle 72,Héroes,Viernes,11,0,1,207,3,3.34
De La Sabana,Ricaurte,Miércoles,20,0,0,184,4,4.52
Av. Jiménez,De La Sabana,Sábado,9,0,0,139,3,2.53
Centro Memoria,Calle 26,Jueves,10,0,0,113,3,2.84
Calle 146,Pepe Sierra,Lunes,14,0,0,153,4,4.73
Calle 72,Calle 45,Viernes,19,1,0,217,5,7.28
Toberín,Calle 146,Viernes,10,0,0,164,3,3.17
Paloquemao,CAD,Martes,16,0,0,149,5,5.51
Calle 45,Calle 72,Domingo,18,0,0,133,5,5.22
Tercer Milenio,Av. Jiménez,Domingo,17,0,1,71,3,2.96
CAD,Av. Rojas,Sábado,11,0,0,148,6,6.45
Héroes,Calle 100,Martes,13,0,0,114,5,5.12
Portal El Dorado,Av. Rojas,Domingo,21,0,0,107,5,5.69
Pradera,Ricaurte,Domingo,13,0,1,106,5,5.23
Ricaurte,Paloquemao,Jueves,11,0,0,149,3,3.14
Calle 45,Calle 26,Lunes,9,1,0,301,4,6.65
Calle 26,Centro Memoria,Miércoles,7,1,1,299,3,4.91
Calle 146,Toberín,Domingo,19,0,0,72,3,3.02
Centro Memoria,Calle 26,Viernes,8,1,0,324,3,3.91
Pradera,Ricaurte,Jueves,20,0,0,128,5,5.36
CAD,Centro Memoria,Lunes,11,0,1,121,4,5.06
Paloquemao,CAD,Sábado,9,0,1,133,5,6.42
Av. Rojas,CAD,Sábado,13,0,0,80,6,6.29
CAD,Av. Rojas,Sábado,16,0,0,123,6,5.94
De La Sabana,Ricaurte,Domingo,16,0,0,158,4,5.25
Calle 72,Calle 45,Martes,17,1,0,299,5,7.7
Toberín,Portal Norte,Miércoles,21,0,0,123,4,3.96
Portal El Dorado,Av. Rojas,Lunes,16,0,1,47,5,5.34
Centro Memoria,CAD,Viernes,13,0,0,64,4,4.81
Calle 26,Av. Jiménez,Jueves,6,1,1,295,4,6.25
Av. Jiménez,Calle 26,Lunes,5,0,1,155,4,4.26
Calle 26,Centro Memoria,Sábado,19,0,0,89,3,3.16
Calle 26,Centro Memoria,Sábado,22,0,1,161,3,3.74
Calle 146,Toberín,Viernes,9,1,0,309,3,4.54
Héroes,Calle 72,Martes,7,1,0,316,3,4.6
Calle 100,Pepe Sierra,Sábado,6,0,0,78,3,3.14
Av. Rojas,CAD,Domingo,11,0,0,77,6,6.26
Toberín,Portal Norte,Sábado,15,0,1,100,4,5.62
Héroes,Calle 72,Viernes,16,0,0,118,3,2.62
Pradera,Ricaurte,Sábado,6,0,0,114,5,5.49
CAD,Centro Memoria,Miércoles,7,1,0,366,4,5.9
Calle 146,Toberín,Martes,21,0,0,56,3,3.41
Paloquemao,CAD,Domingo,5,0,0,64,5,4.99
Av. Rojas,CAD,Miércoles,19,1,0,289,6,8.94
Calle 146,Pepe Sierra,Jueves,7,1,0,327,4,5.78
Pepe Sierra,Calle 146,Lunes,10,0,0,109,4,4.21
Paloquemao,CAD,Domingo,10,0,1,125,5,5.85
Calle 72,Calle 45,Jueves,7,1,1,317,5,8.38
Calle 26,Calle 45,Sábado,11,0,0,135,4,4.45
Héroes,Calle 100,Jueves,14,0,0,56,5,5.16
Calle 100,Héroes,Jueves,12,0,1,139,5,6.14
Calle 26,Av. Jiménez,Martes,14,0,0,92,4,3.92
Portal Américas,Banderas,Jueves,16,0,0,97,5,5.46
De La Sabana,Ricaurte,Viernes,19,1,1,341,4,6.32
Calle 72,Héroes,Domingo,17,0,0,156,3,3.28
Portal El Dorado,Av. Rojas,Sábado,18,0,0,115,5,5.2
Tercer Milenio,Av. Jiménez,Sábado,21,0,0,149,3,3.35
Av. Jiménez,Calle 26,Domingo,11,0,0,211,4,4.08
Portal Américas,Banderas,Lunes,21,0,0,140,5,5.14
Calle 72,Héroes,Jueves,15,0,0,85,3,3.12
Ricaurte,Pradera,Lunes,15,0,0,125,5,6.48
CAD,Paloquemao,Lunes,10,0,0,112,5,4.83
De La Sabana,Av. Jiménez,Lunes,10,0,1,130,3,2.67
Tercer Milenio,Av. Jiménez,Viernes,10,0,1,116,3,3.48
Banderas,Portal Américas,Jueves,18,1,0,331,5,7.97
Calle 26,Centro Memoria,Miércoles,16,0,0,99,3,3.09
Calle 26,Centro Memoria,Miércoles,6,1,1,269,3,4.3
Calle 45,Calle 26,Viernes,8,1,0,312,4,5.51
Calle 26,Av. Jiménez,Jueves,5,0,0,103,4,3.81
Héroes,Calle 72,Viernes,21,0,0,141,3,3.93
Av. Rojas,Portal El Dorado,Martes,15,0,1,67,5,4.93
Toberín,Calle 146,Miércoles,9,1,1,295,3,4.8
Portal Américas,Banderas,Jueves,5,0,0,128,5,5.14
Calle 72,Calle 45,Miércoles,14,0,0,111,5,5.42
Calle 45,Calle 26,Jueves,7,1,0,341,4,5.3
Calle 100,Héroes,Domingo,16,0,0,105,5,5.35
Calle 72,Héroes,Jueves,22,0,0,83,3,3.82
Calle 72,Calle 45,Sábado,17,0,1,94,5,5.72
Calle 45,Calle 26,Lunes,17,1,0,322,4,5.81
Héroes,Calle 100,Miércoles,14,0,1,46,5,5.44
Pradera,Banderas,Viernes,7,1,0,341,6,8.99
Portal El Dorado,Av. Rojas,Viernes,10,0,1,86,5,6.09
Ricaurte,De La Sabana,Viernes,5,0,0,106,4,4.01
Ricaurte,Pradera,Sábado,12,0,0,125,5,5.62
Calle 45,Calle 72,Miércoles,18,1,0,395,5,8.07
Ricaurte,Pradera,Jueves,9,1,0,346,5,7.41
Ricaurte,Pradera,Jueves,6,1,0,258,5,7.42
Banderas,Pradera,Jueves,21,0,1,124,6,6.54
Banderas,Portal Américas,Miércoles,8,1,0,292,5,7.64
Ricaurte,Pradera,Lunes,10,0,0,134,5,5.54
Av. Rojas,Portal El Dorado,Sábado,19,0,0,131,5,5.12
Paloquemao,CAD,Jueves,18,1,1,279,5,7.47
Tercer Milenio,Av. Jiménez,Sábado,8,0,0,191,3,3.29
Banderas,Portal Américas,Domingo,20,0,0,111,5,4.91
CAD,Av. Rojas,Lunes,10,0,1,237,6,6.88
CAD,Av. Rojas,Domingo,7,0,0,102,6,6.47
Av. Jiménez,De La Sabana,Sábado,13,0,0,144,3,3.6
Ricaurte,Paloquemao,Jueves,18,1,0,372,3,4.81
Tercer Milenio,Av. Jiménez,Domingo,20,0,0,77,3,3.01
Toberín,Calle 146,Sábado,16,0,0,132,3,4.03
Av. Jiménez,De La Sabana,Domingo,5,0,0,64,3,3.58
Calle 72,Héroes,Jueves,5,0,0,127,3,3.53
Av. Jiménez,Tercer Milenio,Viernes,8,1,0,295,3,4.16
Toberín,Calle 146,Jueves,12,0,0,150,3,3.49
Av. Rojas,CAD,Sábado,9,0,0,158,6,6.47
Pradera,Banderas,Miércoles,19,1,0,276,6,8.3
Calle 45,Calle 26,Domingo,21,0,0,152,4,4.47
Calle 146,Toberín,Miércoles,6,1,0,261,3,4.23
Paloquemao,CAD,Lunes,17,1,0,281,5,6.86
Pepe Sierra,Calle 146,Sábado,14,0,0,87,4,3.72
Toberín,Portal Norte,Sábado,13,0,0,103,4,3.91
Calle 146,Pepe Sierra,Jueves,8,1,1,234,4,7.08
Portal El Dorado,Av. Rojas,Miércoles,21,0,0,170,5,5.11
Calle 45,Calle 26,Lunes,16,0,0,130,4,4.43
Calle 72,Calle 45,Jueves,13,0,0,167,5,5.09
Calle 72,Héroes,Sábado,6,0,0,163,3,3.03
Héroes,Calle 72,Miércoles,5,0,0,66,3,3.39
Portal Norte,Toberín,Sábado,9,0,0,171,4,5.38
Banderas,Portal Américas,Sábado,15,0,0,72,5,5.46
Calle 26,Calle 45,Miércoles,12,0,0,103,4,4.52
Av. Jiménez,Tercer Milenio,Viernes,19,1,0,241,3,3.91
Paloquemao,CAD,Viernes,17,1,0,268,5,7.45
Av. Rojas,CAD,Miércoles,15,0,0,94,6,6.55
Portal Américas,Banderas,Domingo,20,0,0,161,5,5.64
Héroes,Calle 72,Miércoles,17,1,0,364,3,4.76
Av. Rojas,Portal El Dorado,Sábado,20,0,0,71,5,5.72
Ricaurte,De La Sabana,Sábado,21,0,0,95,4,4.55
Av. Jiménez,Tercer Milenio,Jueves,19,1,0,362,3,4.78
Ricaurte,Paloquemao,Viernes,16,0,0,60,3,2.72
Pradera,Banderas,Lunes,14,0,0,172,6,6.45
Calle 26,Centro Memoria,Jueves,22,0,0,123,3,3.49
Ricaurte,Paloquemao,Lunes,8,1,0,327,3,4.65
Calle 72,Calle 45,Viernes,14,0,0,111,5,5.15
Héroes,Calle 72,Sábado,17,0,0,154,3,3.45
De La Sabana,Ricaurte,Jueves,13,0,0,109,4,4.65
De La Sabana,Ricaurte,Sábado,15,0,0,114,4,3.89
Av. Rojas,CAD,Domingo,17,0,0,89,6,5.88
Portal Américas,Banderas,Jueves,10,0,1,109,5,6.27
Calle 72,Héroes,Lunes,22,0,1,87,3,3.51
Banderas,Portal Américas,Sábado,8,0,0,93,5,5.13
CAD,Paloquemao,Jueves,18,1,0,239,5,7.26
Portal Norte,Toberín,Martes,21,0,1,112,4,4.84
Ricaurte,Paloquemao,Jueves,5,0,0,128,3,2.71
Calle 26,Calle 45,Sábado,20,0,0,163,4,4.41
Ricaurte,De La Sabana,Viernes,17,1,0,307,4,6.01
Calle 72,Calle 45,Martes,19,1,0,279,5,7.53
Calle 26,Calle 45,Sábado,11,0,0,139,4,3.58
Tercer Milenio,Av. Jiménez,Lunes,11,0,0,98,3,3.05
Portal Américas,Banderas,Viernes,19,1,1,310,5,8.5
Héroes,Calle 72,Viernes,8,1,1,269,3,4.55
Av. Jiménez,De La Sabana,Martes,12,0,0,99,3,2.83
Pepe Sierra,Calle 146,Lunes,18,1,1,286,4,6.68
Calle 26,Centro Memoria,Lunes,18,1,1,257,3,4.91
Av. Rojas,CAD,Domingo,22,0,0,51,6,5.93
Portal Américas,Banderas,Sábado,6,0,0,106,5,5.93
Ricaurte,Pradera,Sábado,6,0,0,109,5,4.39
Centro Memoria,CAD,Jueves,18,1,1,220,4,6.25
Calle 100,Pepe Sierra,Miércoles,8,1,0,324,3,4.69
Ricaurte,De La Sabana,Miércoles,9,1,1,306,4,6.88
Centro Memoria,Calle 26,Lunes,15,0,0,98,3,3.5
Pepe Sierra,Calle 146,Sábado,20,0,1,54,4,4.15
Av. Jiménez,Calle 26,Sábado,19,0,0,47,4,3.98
Banderas,Portal Américas,Viernes,13,0,0,118,5,5.34
Héroes,Calle 100,Miércoles,5,0,0,122,5,4.93
De La Sabana,Ricaurte,Sábado,14,0,0,112,4,3.63
Héroes,Calle 72,Miércoles,20,0,0,174,3,3.14
Tercer Milenio,Av. Jiménez,Domingo,9,0,0,100,3,3.79
Av. Jiménez,Tercer Milenio,Miércoles,12,0,0,70,3,2.65
Calle 72,Calle 45,Martes,5,0,0,76,5,5.16
Centro Memoria,CAD,Viernes,17,1,0,317,4,6.33
Héroes,Calle 72,Sábado,9,0,0,222,3,2.43
CAD,Centro Memoria,Miércoles,17,1,1,324,4,6.23
Calle 26,Centro Memoria,Domingo,21,0,0,96,3,2.9
Calle 26,Centro Memoria,Lunes,7,1,0,263,3,5.12
Tercer Milenio,Av. Jiménez,Martes,13,0,0,153,3,3.24
Pepe Sierra,Calle 100,Miércoles,20,0,0,174,3,2.66
Paloquemao,CAD,Domingo,21,0,1,66,5,4.79
Calle 45,Calle 72,Lunes,17,1,0,272,5,7.49
Av. Jiménez,De La Sabana,Miércoles,22,0,1,124,3,3.55
CAD,Av. Rojas,Domingo,6,0,0,63,6,6.51
CAD,Centro Memoria,Miércoles,10,0,0,129,4,4.55
Paloquemao,CAD,Martes,19,1,0,224,5,7.43
Paloquemao,Ricaurte,Miércoles,7,1,0,252,3,4.27
Calle 146,Pepe Sierra,Martes,21,0,0,141,4,4.32
Calle 45,Calle 72,Viernes,20,0,0,85,5,5.22
CAD,Av. Rojas,Lunes,15,0,1,58,6,7.23
Pepe Sierra,Calle 146,Lunes,19,1,0,291,4,6.43
Calle 45,Calle 72,Viernes,11,0,0,98,5,5.04
Av. Jiménez,Tercer Milenio,Viernes,18,1,1,269,3,5.1
Pepe Sierra,Calle 100,Jueves,11,0,0,91,3,3.39
Paloquemao,CAD,Jueves,5,0,0,104,5,4.47
Pradera,Banderas,Jueves,10,0,0,97,6,5.82
Calle 26,Centro Memoria,Sábado,14,0,0,121,3,2.71
Av. Rojas,CAD,Miércoles,22,0,0,157,6,6.43
CAD,Paloquemao,Domingo,10,0,0,112,5,5.54
Av. Jiménez,De La Sabana,Viernes,20,0,0,158,3,3.23
Calle 72,Héroes,Jueves,14,0,0,89,3,2.42
Portal Américas,Banderas,Sábado,22,0,1,92,5,5.48
Calle 72,Calle 45,Domingo,12,0,0,124,5,5.17
CAD,Centro Memoria,Domingo,21,0,0,147,4,4.05
Av. Jiménez,Tercer Milenio,Martes,9,1,0,297,3,4.97
Calle 72,Calle 45,Domingo,10,0,1,133,5,5.81
Ricaurte,Paloquemao,Miércoles,21,0,1,95,3,3.19
Paloquemao,CAD,Jueves,13,0,0,85,5,5.0
Av. Jiménez,Calle 26,Domingo,14,0,0,150,4,4.21
Tercer Milenio,Av. Jiménez,Miércoles,15,0,0,66,3,3.81
Pradera,Banderas,Domingo,18,0,0,132,6,5.83
Pradera,Ricaurte,Jueves,16,0,0,102,5,5.3
Calle 100,Héroes,Domingo,13,0,0,188,5,5.03
Calle 45,Calle 72,Sábado,13,0,0,159,5,5.96
Ricaurte,De La Sabana,Jueves,17,1,0,274,4,5.84
CAD,Av. Rojas,Domingo,11,0,0,78,6,6.15
Banderas,Portal Américas,Lunes,7,1,0,298,5,7.76
Av. Jiménez,De La Sabana,Sábado,20,0,1,163,3,3.25
Toberín,Calle 146,Jueves,20,0,0,41,3,3.05
Ricaurte,Paloquemao,Lunes,8,1,0,311,3,4.62
De La Sabana,Av. Jiménez,Miércoles,19,1,1,286,3,4.83
Calle 100,Pepe Sierra,Sábado,7,0,0,180,3,3.42
Pradera,Banderas,Domingo,9,0,0,105,6,6.11
Portal El Dorado,Av. Rojas,Lunes,19,1,0,293,5,8.14
Av. Rojas,Portal El Dorado,Sábado,13,0,0,112,5,5.27
Av. Jiménez,Tercer Milenio,Martes,7,1,1,280,3,5.21
Av. Jiménez,De La Sabana,Miércoles,19,1,0,378,3,4.8
Calle 45,Calle 72,Jueves,12,0,0,123,5,5.32
De La Sabana,Av. Jiménez,Sábado,13,0,0,24,3,3.33
Toberín,Portal Norte,Sábado,18,0,0,125,4,4.42
Calle 26,Centro Memoria,Domingo,21,0,0,91,3,2.98
CAD,Centro Memoria,Viernes,18,1,1,283,4,6.77
Centro Memoria,CAD,Miércoles,22,0,0,104,4,5.04
Portal El Dorado,Av. Rojas,Lunes,7,1,0,317,5,7.03
CAD,Av. Rojas,Viernes,10,0,1,114,6,6.68
Calle 146,Pepe Sierra,Jueves,11,0,1,32,4,5.1
Pradera,Banderas,Jueves,19,1,1,328,6,9.9
Calle 100,Héroes,Lunes,10,0,0,126,5,4.76
De La Sabana,Av. Jiménez,Domingo,18,0,1,100,3,3.79
Ricaurte,Pradera,Lunes,17,1,0,257,5,6.38
Calle 26,Calle 45,Martes,13,0,1,110,4,4.56
Av. Rojas,Portal El Dorado,Miércoles,22,0,0,125,5,5.6
Calle 72,Calle 45,Viernes,16,0,1,145,5,5.97
Portal El Dorado,Av. Rojas,Domingo,9,0,0,167,5,4.81
Calle 72,Héroes,Viernes,6,1,1,320,3,5.08
Av. Rojas,CAD,Lunes,15,0,1,70,6,6.21
Calle 45,Calle 26,Martes,14,0,0,90,4,3.92
Av. Jiménez,Calle 26,Martes,16,0,0,150,4,4.05
Portal Américas,Banderas,Jueves,5,0,0,85,5,4.97
Calle 45,Calle 72,Jueves,19,1,0,344,5,7.62
Calle 72,Calle 45,Viernes,8,1,0,292,5,7.44
Héroes,Calle 72,Viernes,21,0,0,171,3,2.96
Calle 45,Calle 72,Jueves,16,0,0,172,5,5.51
De La Sabana,Av. Jiménez,Martes,7,1,1,293,3,5.79
Ricaurte,De La Sabana,Viernes,8,1,1,257,4,6.17
Toberín,Portal Norte,Domingo,18,0,0,70,4,4.52
Calle 100,Pepe Sierra,Miércoles,7,1,0,367,3,5.27
CAD,Paloquemao,Sábado,7,0,0,168,5,5.34
Ricaurte,Pradera,Lunes,13,0,0,105,5,4.59
De La Sabana,Av. Jiménez,Domingo,12,0,0,201,3,3.49
Toberín,Portal Norte,Martes,9,1,0,280,4,6.49
Calle 146,Toberín,Domingo,11,0,1,81,3,3.58
Tercer Milenio,Av. Jiménez,Jueves,10,0,0,113,3,3.42
Héroes,Calle 72,Martes,10,0,0,117,3,2.6
Pepe Sierra,Calle 100,Lunes,20,0,0,123,3,3.6
Ricaurte,Pradera,Domingo,13,0,0,118,5,5.61
Portal Norte,Toberín,Miércoles,5,0,1,78,4,4.55
Toberín,Calle 146,Martes,18,1,0,275,3,4.76
Ricaurte,Pradera,Sábado,21,0,0,121,5,5.58
Calle 100,Pepe Sierra,Martes,7,1,0,343,3,4.84
Pepe Sierra,Calle 146,Jueves,19,1,1,310,4,6.02
Av. Rojas,CAD,Domingo,5,0,0,119,6,6.14
Calle 26,Centro Memoria,Miércoles,9,1,0,286,3,4.33
Av. Rojas,CAD,Viernes,8,1,0,260,6,8.1
Portal El Dorado,Av. Rojas,Martes,21,0,0,93,5,5.31
Héroes,Calle 100,Lunes,8,1,0,246,5,7.37
Av. Jiménez,Tercer Milenio,Lunes,12,0,0,196,3,3.7
Héroes,Calle 72,Miércoles,15,0,0,185,3,3.43
Banderas,Portal Américas,Viernes,21,0,0,166,5,5.13
Calle 26,Av. Jiménez,Martes,15,0,0,94,4,3.09
Calle 100,Héroes,Domingo,6,0,0,167,5,6.03
Ricaurte,Pradera,Domingo,11,0,1,97,5,5.64
Toberín,Portal Norte,Lunes,12,0,0,89,4,4.33
De La Sabana,Av. Jiménez,Jueves,20,0,1,164,3,2.85
Calle 72,Calle 45,Domingo,17,0,0,136,5,5.23
Calle 45,Calle 72,Miércoles,22,0,0,124,5,5.49
Calle 26,Av. Jiménez,Viernes,15,0,0,112,4,4.18
Calle 72,Héroes,Domingo,20,0,1,111,3,3.85
Banderas,Portal Américas,Sábado,15,0,1,136,5,5.93
Av. Jiménez,Calle 26,Miércoles,18,1,0,249,4,5.75
Av. Rojas,CAD,Martes,19,1,1,335,6,9.72
Pepe Sierra,Calle 100,Miércoles,9,1,1,326,3,5.55
Tercer Milenio,Av. Jiménez,Viernes,7,1,1,341,3,4.9
CAD,Centro Memoria,Domingo,21,0,0,99,4,3.18
Calle 45,Calle 26,Martes,16,0,0,113,4,4.1
Calle 100,Héroes,Viernes,21,0,0,135,5,5.28
Av. Rojas,CAD,Martes,21,0,0,107,6,5.61
Calle 72,Héroes,Martes,12,0,1,82,3,3.61
Calle 100,Héroes,Viernes,18,1,1,368,5,8.13
Av. Jiménez,Calle 26,Jueves,14,0,0,133,4,4.65
Centro Memoria,CAD,Jueves,19,1,0,267,4,6.08
Tercer Milenio,Av. Jiménez,Miércoles,22,0,0,90,3,3.48
Calle 72,Calle 45,Viernes,7,1,0,306,5,7.63
Banderas,Pradera,Jueves,10,0,1,88,6,7.15
Calle 26,Calle 45,Martes,18,1,0,383,4,5.76
Calle 45,Calle 72,Miércoles,7,1,0,286,5,7.56
Av. Jiménez,Calle 26,Jueves,8,1,0,331,4,5.84
Av. Rojas,Portal El Dorado,Martes,11,0,0,10,5,5.57
Calle 26,Av. Jiménez,Lunes,8,1,0,330,4,5.36
CAD,Centro Memoria,Sábado,20,0,0,95,4,4.82
Portal Américas,Banderas,Lunes,22,0,0,177,5,5.82
Portal Américas,Banderas,Domingo,15,0,1,112,5,5.81
Calle 146,Toberín,Miércoles,8,1,0,294,3,4.94
Pradera,Banderas,Sábado,20,0,1,84,6,6.53
Calle 45,Calle 26,Lunes,16,0,0,160,4,4.3
Calle 26,Centro Memoria,Jueves,18,1,0,355,3,4.31
Pepe Sierra,Calle 100,Miércoles,13,0,1,117,3,3.11
Paloquemao,CAD,Jueves,13,0,1,120,5,5.21
Pepe Sierra,Calle 146,Sábado,20,0,0,100,4,3.63
Centro Memoria,Calle 26,Jueves,13,0,0,147,3,3.51
Calle 26,Centro Memoria,Domingo,17,0,0,50,3,3.61
Pradera,Ricaurte,Lunes,8,1,0,399,5,7.77
Pepe Sierra,Calle 100,Martes,16,0,0,94,3,4.27
Paloquemao,Ricaurte,Jueves,6,1,0,247,3,4.43
Banderas,Portal Américas,Viernes,21,0,0,127,5,5.86
Ricaurte,Pradera,Sábado,18,0,0,134,5,5.14
Toberín,Portal Norte,Martes,5,0,0,81,4,4.03
De La Sabana,Av. Jiménez,Jueves,5,0,0,79,3,3.14
Av. Jiménez,Calle 26,Sábado,16,0,0,97,4,3.6
Calle 26,Calle 45,Domingo,6,0,0,170,4,4.14
CAD,Paloquemao,Domingo,10,0,0,69,5,5.11
CAD,Av. Rojas,Sábado,17,0,1,122,6,6.27
Héroes,Calle 72,Domingo,7,0,0,133,3,2.78
Ricaurte,Paloquemao,Domingo,12,0,0,188,3,3.49
Tercer Milenio,Av. Jiménez,Sábado,7,0,0,104,3,2.86
Av. Jiménez,De La Sabana,Sábado,10,0,1,115,3,3.72
Calle 45,Calle 72,Sábado,20,0,0,118,5,5.21
Banderas,Portal Américas,Domingo,10,0,1,122,5,5.56
De La Sabana,Av. Jiménez,Martes,14,0,1,106,3,2.62
Paloquemao,CAD,Domingo,22,0,0,158,5,5.51
Ricaurte,Pradera,Lunes,11,0,0,89,5,5.98
Ricaurte,Paloquemao,Sábado,17,0,1,123,3,3.07
Calle 100,Héroes,Viernes,16,0,0,154,5,5.54
Pradera,Ricaurte,Sábado,14,0,0,135,5,5.17
Pepe Sierra,Calle 146,Martes,19,1,1,318,4,6.33
Calle 45,Calle 26,Sábado,13,0,0,142,4,3.52
Calle 45,Calle 26,Martes,12,0,1,102,4,5.29
Banderas,Portal Américas,Martes,9,1,0,269,5,7.18
Calle 45,Calle 26,Domingo,20,0,1,102,4,4.12
Pradera,Banderas,Viernes,11,0,0,31,6,6.0
Centro Memoria,CAD,Sábado,17,0,0,125,4,4.23
De La Sabana,Ricaurte,Miércoles,18,1,0,294,4,6.01
Calle 26,Calle 45,Miércoles,7,1,1,340,4,6.4
Héroes,Calle 100,Domingo,12,0,1,97,5,5.63
Portal El Dorado,Av. Rojas,Domingo,21,0,0,143,5,5.92
Av. Rojas,CAD,Domingo,12,0,0,94,6,6.32
Paloquemao,CAD,Domingo,12,0,0,133,5,4.94
Av. Rojas,Portal El Dorado,Jueves,19,1,0,300,5,6.91
Banderas,Pradera,Martes,5,0,0,49,6,6.29
CAD,Av. Rojas,Miércoles,20,0,1,104,6,6.99
Héroes,Calle 100,Miércoles,7,1,1,299,5,7.61
Calle 26,Av. Jiménez,Sábado,5,0,0,118,4,3.74
Centro Memoria,Calle 26,Domingo,9,0,1,175,3,3.02
Calle 72,Calle 45,Miércoles,22,0,0,112,5,4.86
Tercer Milenio,Av. Jiménez,Viernes,21,0,1,142,3,3.38
Calle 100,Héroes,Sábado,15,0,1,99,5,6.09
Paloquemao,Ricaurte,Domingo,16,0,0,121,3,3.39
Calle 146,Pepe Sierra,Viernes,18,1,0,260,4,5.36
Calle 45,Calle 72,Viernes,10,0,1,124,5,5.68
Portal Norte,Toberín,Jueves,8,1,0,325,4,6.02
Pepe Sierra,Calle 100,Viernes,17,1,1,308,3,4.16
Ricaurte,Pradera,Martes,15,0,0,195,5,5.42
Tercer Milenio,Av. Jiménez,Sábado,18,0,1,147,3,3.19
Centro Memoria,Calle 26,Miércoles,17,1,0,312,3,4.0
De La Sabana,Ricaurte,Sábado,7,0,0,138,4,4.13
Pepe Sierra,Calle 100,Lunes,6,1,1,301,3,5.08
Toberín,Calle 146,Lunes,10,0,0,70,3,2.83
CAD,Centro Memoria,Miércoles,17,1,0,318,4,6.88
Av. Rojas,Portal El Dorado,Domingo,7,0,1,114,5,6.02
Calle 72,Calle 45,Jueves,10,0,0,115,5,6.06
Ricaurte,De La Sabana,Sábado,9,0,0,50,4,4.14
Portal El Dorado,Av. Rojas,Jueves,10,0,0,54,5,4.13
Portal Américas,Banderas,Lunes,22,0,1,131,5,5.88
Pepe Sierra,Calle 100,Miércoles,14,0,0,108,3,3.12
Héroes,Calle 72,Martes,8,1,0,423,3,4.58
Paloquemao,Ricaurte,Viernes,15,0,1,140,3,3.25
CAD,Av. Rojas,Domingo,19,0,1,131,6,6.9
Av. Rojas,CAD,Martes,16,0,0,103,6,7.04
Centro Memoria,Calle 26,Jueves,6,1,0,347,3,4.63
Calle 26,Centro Memoria,Sábado,8,0,1,27,3,3.2
Calle 146,Pepe Sierra,Miércoles,21,0,0,228,4,4.36
CAD,Av. Rojas,Domingo,22,0,0,164,6,7.07
Tercer Milenio,Av. Jiménez,Jueves,11,0,0,128,3,2.86
CAD,Paloquemao,Jueves,17,1,0,202,5,7.53
Toberín,Portal Norte,Miércoles,22,0,0,87,4,4.24
Pradera,Ricaurte,Domingo,14,0,1,70,5,5.57
Toberín,Calle 146,Lunes,11,0,1,121,3,3.59
Av. Jiménez,Tercer Milenio,Sábado,22,0,0,75,3,3.59
Av. Jiménez,De La Sabana,Viernes,5,0,0,96,3,2.47
Tercer Milenio,Av. Jiménez,Miércoles,22,0,0,115,3,3.19
Pradera,Banderas,Viernes,10,0,0,126,6,6.92
Toberín,Calle 146,Lunes,19,1,1,290,3,4.74
Calle 45,Calle 26,Lunes,11,0,0,75,4,4.48
Av. Rojas,Portal El Dorado,Lunes,6,1,1,307,5,7.85
Calle 72,Calle 45,Lunes,14,0,0,43,5,5.69
Calle 45,Calle 26,Domingo,15,0,1,70,4,4.3
Ricaurte,Pradera,Miércoles,17,1,0,314,5,7.06
Calle 100,Héroes,Viernes,13,0,1,60,5,4.8
Pradera,Banderas,Sábado,14,0,0,148,6,6.23
Paloquemao,CAD,Miércoles,18,1,0,417,5,7.39
Pradera,Banderas,Jueves,13,0,1,83,6,6.62
Calle 72,Calle 45,Jueves,13,0,0,129,5,5.13
Paloquemao,CAD,Lunes,19,1,0,324,5,7.17
Calle 26,Calle 45,Lunes,8,1,0,244,4,5.17
Centro Memoria,Calle 26,Viernes,15,0,0,31,3,2.84
Calle 26,Av. Jiménez,Sábado,17,0,0,107,4,3.96
Tercer Milenio,Av. Jiménez,Viernes,13,0,0,169,3,3.74
Calle 100,Pepe Sierra,Martes,7,1,0,286,3,3.76
Centro Memoria,Calle 26,Viernes,6,1,0,277,3,4.23
Calle 100,Pepe Sierra,Lunes,17,1,0,273,3,4.18
Pepe Sierra,Calle 146,Viernes,16,0,0,93,4,4.03
Héroes,Calle 100,Domingo,6,0,0,94,5,5.32
Centro Memoria,CAD,Martes,11,0,0,134,4,3.9
Toberín,Calle 146,Martes,15,0,1,170,3,3.16
Calle 26,Av. Jiménez,Miércoles,19,1,0,235,4,6.02
CAD,Paloquemao,Jueves,9,1,1,267,5,8.05
CAD,Centro Memoria,Martes,11,0,0,23,4,4.6
Portal Américas,Banderas,Jueves,7,1,1,326,5,7.46
Ricaurte,Paloquemao,Viernes,10,0,0,60,3,3.76
De La Sabana,Av. Jiménez,Sábado,7,0,0,90,3,2.8
Av. Rojas,CAD,Sábado,10,0,0,29,6,5.95
De La Sabana,Av. Jiménez,Martes,8,1,0,290,3,4.77
Toberín,Portal Norte,Viernes,6,1,1,244,4,5.68
Portal El Dorado,Av. Rojas,Martes,6,1,0,318,5,7.95
Pepe Sierra,Calle 146,Domingo,20,0,1,57,4,4.95
CAD,Paloquemao,Sábado,17,0,0,121,5,5.74
Calle 45,Calle 26,Viernes,13,0,0,117,4,3.23
CAD,Paloquemao,Martes,19,1,0,293,5,7.91
Ricaurte,De La Sabana,Miércoles,10,0,1,84,4,4.41
Ricaurte,Pradera,Martes,16,0,0,112,5,4.12
Pradera,Banderas,Martes,6,1,0,366,6,8.84
CAD,Av. Rojas,Jueves,9,1,1,320,6,9.63
Ricaurte,De La Sabana,Jueves,18,1,1,350,4,6.66
Banderas,Portal Américas,Jueves,17,1,0,290,5,7.12
De La Sabana,Av. Jiménez,Jueves,9,1,0,331,3,3.8
Calle 45,Calle 72,Sábado,11,0,0,145,5,4.92
Paloquemao,Ricaurte,Jueves,22,0,1,170,3,3.62
Banderas,Pradera,Miércoles,11,0,0,145,6,6.47
Centro Memoria,Calle 26,Sábado,19,0,0,49,3,2.73
Paloquemao,Ricaurte,Martes,11,0,0,146,3,3.29
Héroes,Calle 72,Viernes,18,1,0,347,3,4.73
Portal Américas,Banderas,Martes,17,1,0,261,5,7.08
Calle 72,Héroes,Sábado,9,0,0,124,3,2.26
Av. Rojas,Portal El Dorado,Martes,9,1,0,366,5,7.84
Portal Américas,Banderas,Sábado,9,0,1,169,5,5.29
Centro Memoria,Calle 26,Domingo,21,0,0,169,3,4.15
Toberín,Calle 146,Domingo,7,0,0,67,3,3.41
Portal Norte,Toberín,Domingo,6,0,0,120,4,3.62
Pepe Sierra,Calle 146,Miércoles,11,0,0,139,4,4.61
Calle 45,Calle 72,Lunes,16,0,0,95,5,5.7
Av. Jiménez,De La Sabana,Domingo,19,0,0,53,3,2.48
Calle 72,Héroes,Lunes,22,0,0,125,3,3.2
Héroes,Calle 100,Lunes,22,0,1,91,5,6.05
Banderas,Pradera,Viernes,20,0,0,141,6,6.77
Calle 26,Av. Jiménez,Martes,8,1,0,295,4,6.23
Calle 100,Héroes,Lunes,6,1,0,282,5,8.28
Pradera,Ricaurte,Jueves,10,0,1,87,5,6.56
Av. Rojas,Portal El Dorado,Domingo,16,0,1,121,5,5.25
Av. Rojas,Portal El Dorado,Jueves,5,0,1,174,5,5.99
Portal El Dorado,Av. Rojas,Miércoles,7,1,1,334,5,8.57
Pepe Sierra,Calle 146,Viernes,14,0,0,133,4,4.03
Héroes,Calle 100,Domingo,11,0,1,159,5,5.9
De La Sabana,Av. Jiménez,Domingo,7,0,0,147,3,2.36
Centro Memoria,Calle 26,Viernes,18,1,1,317,3,4.57
De La Sabana,Ricaurte,Martes,21,0,0,186,4,4.62
Centro Memoria,CAD,Lunes,20,0,0,129,4,4.45
Calle 72,Héroes,Martes,14,0,0,80,3,3.77
Banderas,Pradera,Miércoles,19,1,0,379,6,9.39
Av. Jiménez,De La Sabana,Martes,5,0,0,183,3,3.05
Toberín,Portal Norte,Martes,20,0,0,88,4,4.19
Toberín,Calle 146,Miércoles,17,1,0,317,3,4.37
Centro Memoria,CAD,Domingo,18,0,0,141,4,4.4
De La Sabana,Av. Jiménez,Miércoles,13,0,0,80,3,3.33
Centro Memoria,Calle 26,Lunes,19,1,1,334,3,4.92
Calle 146,Pepe Sierra,Miércoles,21,0,1,166,4,4.25
Portal Norte,Toberín,Domingo,8,0,0,138,4,3.81
